1.137320444548265419e+00,-1.117779136133962292e-01
-2.245687647036385570e+00,-7.697981151241950482e-01
9.947953016936272874e-01,-1.024253730006351004e+00
1.086190684887739843e+00,7.376575942932472874e-02
7.941677498333388208e-01,3.766684686247862013e-01
-6.726343087480122218e-01,6.665412300519056865e-01
1.230183828951476599e+00,-2.177969120615445675e+00
1.311078513018553604e+00,1.027027263868150797e+00
-1.887447549535798297e+00,-2.915478030867199033e-01
1.361676059225485069e+00,9.774840454966269299e-01
5.030114738691933152e-01,2.988489366264539260e-02
-1.273936337921737660e+00,1.076190083664423369e+00
1.284257928958422390e+00,-4.675943948847387510e-01
1.232464907600267612e+00,-4.859214647446522539e-01
-6.984879147674123434e-01,4.490668809688502794e-01
-9.382999683642483379e-01,-1.421508505222643270e+00
1.482844587845331130e+00,4.171307851498196051e-01
9.484616923759980889e-01,-2.014070893381448013e-01
6.694893804484665090e-01,6.030934596467589781e-01
1.079939982823590272e+00,1.077209349351649470e+00
1.479044812932720498e+00,-4.896262968796922799e-01
2.089356027860898912e+00,1.351011843443979954e+00
-3.726058032279733201e-01,-1.571080722074234826e-01
1.821886045727157954e-01,2.063464711270202034e+00
2.028146029347017709e+00,-8.051969641964965563e-01
1.256198919389448054e+00,3.316189168401770249e-02
7.883168179469856041e-01,2.515607868546200887e+00
-8.262022983505035167e-01,9.223411757365068686e-01
5.157673205819580664e-01,-2.172991143777983858e+00
-9.307716672892081267e-01,-9.489369414852860674e-02
6.443271513121111571e-01,4.575783569271218987e-01
1.105868399160022442e+00,-2.629136192149646334e+00
1.039166031430290627e+00,3.597083608964919688e-02
9.993676710445273947e-01,-5.969156207800534464e-01
-4.465877181809490004e-01,-2.516916724706084185e+00
8.921787185366700790e-01,-7.302992457052468467e-01
-5.165506512712640941e-01,4.282250416722135355e-01
1.157681638519550749e+00,1.018998175636251391e+00
1.450520031948915989e+00,1.330349520643615557e+00
6.102705485201724844e-01,-1.060498609304855178e+00
5.249789211966147118e-01,1.678990111614218295e+00
2.282777737551503261e+00,-6.783639150552410735e-01
-4.775702320304626713e-01,1.517635425064990162e+00
1.246083163406631611e+00,8.544283051944491225e-01
1.038107221678238545e+00,1.298855845906201345e-01
-4.680439227677812841e-02,-5.736233709580658147e-01
-5.651654816627482703e-01,-2.677540675985754515e-01
-1.638882806613684018e-01,7.682629130672145035e-01
1.867962709836423985e+00,-1.018301018446822415e+00
1.755757622339152446e+00,8.568434054226657937e-01
-5.494995955115087316e-01,5.260473371867298020e-01
1.657761412408188750e+00,-9.023320584708179881e-01
1.415263988318933741e+00,-5.484607692109375043e-02
-1.173855685205912769e+00,1.024544120079219134e+00
-1.179392305538822239e+00,-1.415234241959997252e-01
7.581295393205734756e-01,6.356426414795760538e-01
1.587107667641600495e+00,-4.587291187651753033e-01
4.156039323471659719e-01,-2.055895330954187472e-01
1.268103393560916281e+00,4.322546499544894782e-01
1.913104042817040051e+00,1.575430092665078385e+00
1.290311411208326486e+00,1.724233909538982035e+00
8.029131837338309152e-01,-1.611095912040215072e+00
-2.983505924029639100e-01,-1.183978287021834053e+00
-4.608126996145511800e-01,-6.522422384827809561e-01
1.681765281838525361e+00,-1.797349225657675742e+00
1.273557599990549072e-02,3.169739199579044153e-02
5.224495992342870210e-01,8.936809516220876881e-02
1.350025940667426427e-01,-4.676473970496372590e-02
3.706412111052018177e-01,1.013483208740350916e+00
7.894103437068693552e-01,-1.014421514785774026e+00
1.653914447506526164e+00,2.796955908773236521e-01
-3.209317969572242912e-01,7.254135314376416455e-01
1.091254134652906549e+00,5.202826640146813730e-01
1.502000265195441830e+00,-6.939579233146792037e-01
1.286137652612373117e+00,-1.388783630644966349e-01
3.903441845583299763e-01,1.055529471765892291e+00
6.530254760443747752e-01,1.434488704494938149e+00
2.020673788790833036e+00,2.253347728749684364e+00
2.744776601012153816e-01,3.437239161680114008e-01
-8.349107736232481702e-01,-3.342098586668179605e-01
1.667047554201074533e+00,-4.028413826159370492e-01
8.004714003461613769e-01,1.084261632615713289e+00
-1.545539401995424944e-01,-6.228247225426295497e-01
-1.275086745465992655e+00,-1.191111558307855089e+00
3.113571306744008282e+00,-4.771511316877874442e-01
1.842329986670224962e+00,-4.778605404351571329e-02
1.368130149605361723e+00,5.043280067229770625e-01
2.240834136635060148e+00,8.458055320094860774e-02
1.260904000435857597e+00,-6.606976912997508666e-01
6.060661092378430981e-01,4.729342613062100797e-01
1.103287234947833539e+00,7.968200004090538746e-01
8.122087497876351314e-01,-8.542521053643697959e-01
1.262490681600942466e+00,-1.117004518023867909e+00
-1.245303569401110755e+00,9.644382766801891105e-01
6.324299533058264089e-02,7.448217252229818452e-01
2.571624291321371381e+00,5.163872569261109824e-01
2.321474013977873341e-01,1.155020264241677364e+00
2.742210584995766531e+00,1.292118323829081206e+00
4.293403673270376197e-01,-9.853040273548158146e-01
4.469421741105696344e-01,3.470964384231989830e-01
-1.014402154970492020e+00,1.330815081248264420e+00
6.531688998759401787e-01,2.534532973770312614e-01
9.348031573913719861e-01,1.334602346402083139e-01
1.427214453612474898e+00,6.578848570738575763e-01
1.661298642505805390e+00,-1.204835653202285695e+00
1.169405436242249241e+00,-9.536186740046229682e-01
1.062460756338438062e+00,1.117197919782537824e-01
5.555916082127452249e-01,4.601090929613009806e-01
1.873193296012632514e+00,-1.136047395929525639e+00
8.518733485818723583e-01,-2.103464427070167897e+00
-2.130027606348754432e-01,-1.170285502158134650e+00
2.432577405968175288e+00,-7.229783374322493739e-01
1.427144776451076291e+00,-3.963552017267494287e-01
-4.487195828834085187e-01,-1.907394942451909436e+00
1.084121310161339391e+00,-7.082147249576056236e-01
-1.228431448459013531e+00,-2.102611126858952850e-01
8.389329707778477863e-01,-6.459315931964537683e-02
2.004785247343864540e+00,-7.135274493731427747e-02
-1.097308911054035718e+00,-1.393598973800567853e+00
-1.992651284880928797e+00,1.096728755386621845e+00
1.732585833102412431e+00,1.801039504920302736e+00
4.563840861047473441e-01,1.737561969936385564e+00
7.015110016598968823e-01,1.262635797960654838e+00
-2.691163620733959538e-01,-1.125038154354582653e+00
1.927047206706457017e+00,9.934230050412838631e-02
-5.752023724618293699e-02,-1.498089293930170651e+00
2.934687093369288124e-01,1.008385892142337426e+00
6.365617942613326363e-01,-5.044431595105471899e-01
3.995785570234473005e-01,3.935241646562599033e-02
-7.841329798992267008e-01,-9.852544968775400758e-02
-2.604824968537655661e-02,9.991908215738036780e-01
1.435478211989018593e+00,-1.098321039449289716e+00
1.103969062628004538e+00,5.666616798004889821e-01
2.316580826784057301e+00,-2.488171364882958869e+00
1.799231269114084153e+00,1.522232020446966372e-01
2.350222738292521152e-01,-7.345520585463096719e-01
8.298730978827466576e-01,1.144558838309924553e+00
-1.995753560966490037e+00,3.666753749526192874e-02
5.015141195815331354e-01,1.650757815602017731e+00
3.089876785600209619e-02,1.307830051586803100e+00
1.999141865850327715e+00,-2.385797364202104642e+00
2.619704471938716361e-01,1.189747244860712705e+00
4.197366997438511382e-01,6.148789360041594376e-01
6.477469640804444095e-01,1.213136350252395745e+00
5.673024090539274811e-01,1.593481450674111288e+00
-4.381380534229055712e-01,2.917310997542538198e-01
6.381669779980185808e-01,4.104498347927488799e-01
9.555666676493546063e-03,1.189961531328800337e+00
1.124744861555835307e-01,-3.880726004516259486e-01
5.884990468663069407e-01,-1.676269457594637302e+00
9.677036431805936534e-01,-1.302125874271811590e+00
6.900173106054773298e-01,5.896105228463766057e-01
1.021118261345650868e+00,-6.306398020253183301e-01
1.061288880472589291e+00,1.758389446356792563e-01
-4.976289342387909542e-01,2.699773857801782029e+00
5.457233223596547056e-01,4.289864707908016550e-01
-4.983268505814124616e-01,7.254235733731375646e-01
-3.640070794784571184e-01,-1.031314069179297466e+00
1.629264344090508576e-02,-2.388789182400976874e-01
-3.936197661820317606e-01,9.218615251793222942e-01
1.349117622376434955e+00,6.369075597647937403e-01
1.071331044084989692e+00,-7.191639755015545310e-01
1.392279884205191998e+00,1.134056243476338155e+00
1.250300309572189406e+00,7.513482233301326252e-01
-1.210603791368484172e-01,1.974367489480009619e+00
-9.762735380666758278e-01,-7.327185660629194075e-01
1.377838020735660418e+00,3.985357393340148713e-01
1.619651158040475991e+00,4.193356787785843531e-01
-5.877613017067460088e-01,5.117960486310593193e-01
1.229302643834947251e+00,1.632204801933209382e+00
9.158690457139742058e-01,-1.481422913983839185e-01
1.718175204113613352e+00,2.300773226565987484e-01
-6.809087780025786518e-01,-1.134377251342683968e+00
-7.666411966370478837e-02,-6.832792310356671228e-01
1.390668907598056503e+00,-6.351328608332598158e-01
1.386249307155326349e+00,1.300827058803593506e+00
6.306808422752133714e-01,-7.655048921903139236e-01
6.982413921692814940e-01,1.648417531991996698e+00
7.330641750173575444e-01,1.084404265717576976e+00
1.452741907216214434e+00,-5.759559841380660350e-01
1.824457951256341026e+00,9.522261501059886557e-01
8.250651186592417030e-01,8.415373432897600425e-01
4.256711454021585017e-01,-1.419337670762878423e+00
1.374078111473111097e+00,1.944004242951933081e+00
5.189808723960416259e-01,-6.103559322260361242e-01
1.086697063463250235e+00,2.498769251570300831e+00
-1.635474824269447236e-01,1.493842005750855684e+00
1.665658539950845674e+00,-5.879788532189182959e-01
1.843872453183853510e-01,1.330534594172292140e+00
-2.140231592472877864e+00,-1.625029683391663760e+00
7.154867950910243080e-01,3.245883140939456624e+00
2.320959403576586255e-01,-7.947128048401755351e-02
-5.431962600464090851e-01,-1.130523995870357679e+00
9.669392803559853089e-01,-1.742244810212734141e+00
1.269620736563978891e+00,-9.155135909816619622e-02
-1.111462691954136384e+00,-1.503492494059535112e+00
-1.109697618474186909e-01,-3.814535331843571520e-01
-1.013064017429610830e+00,1.244045785488731848e-01
-1.745886856981899715e-01,-6.609817215773271526e-01
3.520528812898541249e-01,5.637827660189911327e-01
1.292570729262024987e+00,1.863541427155525954e+00
2.091797564605412774e+00,-6.848699802041720019e-01
-1.615504554515198032e-01,1.788479885087891130e+00
1.762825895032584134e+00,-1.513994371805392536e+00
1.078349122843222041e+00,-1.576960455270407513e+00
8.026963598835505920e-01,-1.163379783393769573e+00
1.175499679314845558e+00,1.133322725095307737e+00
5.434703626987529290e-01,-1.321144999098324835e-01
1.102743709068776390e-02,-9.255634718571111863e-01
8.976795960421362075e-01,-1.874386176656402114e-01
-1.226852342590087908e+00,2.520865634547715839e+00
7.146283849910856079e-01,3.231172822861445859e-02
9.291321738316248302e-01,-1.272476414866143379e+00
-4.760225021507584753e-01,-2.112688503633986858e+00
5.663066942080181576e-01,-2.256213004813868717e-01
4.264220447488583088e-01,2.829571892982876147e-01
3.261680024454046034e+00,-1.227744423642256555e+00
-1.795719838351012454e+00,1.636232028360317114e-01
-5.579222857087382526e-01,3.056840256264599098e-01
6.443605049811789165e-01,-8.670487640325688639e-02
8.359902074858041043e-01,4.587685604132166889e-02
-1.090536345605854107e+00,-1.308571354138438281e+00
-3.837090830627698512e-02,5.012622959997631300e-01
1.571419624303059148e+00,-1.057488966511700879e+00
1.243182706871145626e+00,1.354019828410483628e+00
-3.374525581214575798e-01,-2.299043531641548344e-01
1.307106450271558362e+00,3.772598992430925557e-01
1.754419936167532557e+00,2.923207372048304831e-01
7.810583453529703624e-01,-1.489851142787843030e-02
1.010970180079625358e+00,1.747149210332630043e+00
6.862402519066873596e-01,1.239272291080029786e+00
1.601829977603332456e+00,9.281495889706693481e-01
4.147441275803344651e-01,-1.063681687698015743e+00
9.935100957363882657e-01,-2.948825194212665313e-01
6.732709879740850223e-01,1.464422125712081968e+00
7.888971792862529142e-01,-6.363907240467057136e-01
1.899300656209668370e+00,3.548652484729996059e-01
2.367877839562841480e+00,-3.584690991196902710e-01
-5.878529809565804509e-01,-8.982129097064579515e-01
8.758123306514445927e-01,5.431448669814845642e-01
4.589535764832953779e-01,-7.932275890092940762e-02
2.105041931189150617e+00,-1.652136146684400231e+00
-5.364927933435179597e-01,5.600357767810372200e-01
1.448103090319668107e+00,3.719145731846944525e-01
8.178783919531501523e-01,-4.620031878846457829e-01
4.850896221779250617e-01,6.905490462408310215e-01
1.413751677119469141e-01,1.175348695547119959e+00
-1.877006815064127698e+00,-8.609032140089398766e-01
7.743356360722022380e-01,-1.398875124435405182e+00
1.014474562422139403e+00,2.082716263981911342e-01
7.439256814693995246e-02,1.399870355735616023e+00
4.793574842185055473e-01,3.243776195766777670e-01
9.071597429448565730e-01,-1.262719345687867367e+00
6.160471609407071059e-01,-6.705560512517690919e-01
1.507997135068771311e+00,5.040857220845295084e-01
-5.962609855816789484e-01,-1.778794955747819095e+00
1.097396473908261783e+00,4.054736578347231113e-01
1.815406436829771986e+00,1.680445174223118787e+00
-3.541252638392229368e-01,1.305545822798616307e+00
7.068412321344819116e-01,-1.493302558999538343e+00
1.029522905460979576e+00,-1.172877276093231558e+00
8.617368325400737161e-01,-6.956677462398327405e-01
4.674654068447563482e-01,-3.710475119938514421e-01
1.073370750698398490e+00,3.126193777403201701e-01
1.601087926156961938e+00,3.864066636199662286e-01
2.996268257902942600e-01,1.674171588462563198e+00
-1.033886106613302047e-01,4.151823870856061749e-01
9.374731046919727584e-01,3.222840289221831078e-01
1.004141211035779691e+00,1.147301437783878608e-01
1.832003774332644275e+00,2.380169757440428580e+00
1.574822872571639554e+00,1.950894649948476944e-01
-1.845727480088983352e-01,6.956690164420156752e-02
-1.480969256877116225e+00,-1.191377304371584955e+00
1.162323016893206606e+00,-8.132236826861130585e-02
8.505500337768834296e-01,-6.972641802589146787e-01
2.484470535939583336e+00,-1.264217474658981821e-01
-3.666777239735923288e-01,2.937365038049820631e-01
4.341229620523840982e-01,-2.543735459078900973e+00
-1.289706768367993917e+00,-8.876017820902768474e-01
1.634944361957095804e-01,-3.671677549091734161e-01
-1.494523275214849622e-01,-2.701558188585839737e-02
-4.620716743154547057e-01,3.544740454768691151e-01
5.285940881842499106e-01,6.942642064497251964e-01
7.819955291196188929e-01,-5.001394573059357862e-01
2.040569295261169813e+00,5.195769234055842567e-01
-2.578047638835823108e-01,2.989583524716448171e-01
2.053425823234835690e+00,-2.887485791815611047e-02
6.106410558833318403e-01,4.760447150066702271e-01
1.688609021661157783e+00,-1.823680585053831349e+00
-1.315239312836730123e+00,5.702603626019649985e-01
9.859842989354232756e-01,1.916646545734787432e+00
5.548481845207433594e-01,1.519204514788213833e+00
1.182136133876185546e+00,7.949040323674124719e-01
2.300900183847501834e-01,4.363099296248061920e-01
4.904448224021887293e-01,1.324876255121855417e-01
-8.519867655667781037e-01,5.226460147100795428e-01
1.011291555494393979e+00,-9.790790014972822197e-04
5.126802160348440385e-01,1.301335278279797780e+00
-1.495639917996128831e-01,-1.966270197537721975e-01
1.311636381965698650e+00,3.538715897299120339e-02
6.326400322978517066e-01,3.101069245579836098e-01
1.469599684167964160e+00,1.597813886910646186e+00
1.319340328842794063e-01,1.249183896647083181e+00
6.887992194289367376e-01,-7.302134058091160895e-01
1.922028210544262095e+00,1.545158096818260995e+00
2.107413400083451016e+00,7.435859318516065963e-01
3.389526289032929740e-01,-5.000299358344499900e-01
5.312884555034014245e-02,7.354692717495955323e-01
2.602014987038657745e-01,-1.139981796303336958e+00
2.120293423142425304e+00,1.110763931937288618e+00
5.343454675375570728e-01,-1.591331565600759557e-01
1.485721092607713789e+00,-9.024991441070037701e-03
1.894998243943673000e+00,1.672232394433205371e+00
2.679105648875901746e+00,3.400867909953080304e-01
-6.907231283444719150e-01,1.239199799041797556e+00
7.661083897734630721e-01,8.681341455618519776e-01
-2.368072271320853517e-03,1.450368923278623767e-01
1.664437745498308363e-01,-6.423057795078512822e-02
6.307378067312771064e-01,-6.496212598906901947e-01
6.572033536644107388e-01,-1.384650259966518249e+00
7.061651884666096946e-01,3.134737542317398429e-01
1.353351589740224625e+00,9.656360226391722534e-01
7.411957184234424512e-01,-7.748533346693834423e-01
-1.731197698660137396e+00,-1.398225948409109964e+00
3.349003870837972685e-01,1.074338805242145645e+00
6.774471972801854314e-02,3.952976756557003979e-01
-7.502830718478126215e-01,4.393910573859689528e-01
2.231992538018176653e+00,-3.842573148889710799e-01
1.288548211444803249e-01,-1.592973468897066758e-01
1.069071609485849228e+00,1.205058339986640137e+00
6.545183052870771068e-01,1.615521200183103634e+00
-3.020790345975856717e-01,7.456773241507607120e-01
1.522176276680353713e+00,-1.872042157276667007e+00
4.691581925951290866e-01,-2.306182463488609391e-01
1.089720356855785166e+00,7.805303191268976315e-01
1.534470346504618554e+00,-1.249506552020504646e+00
1.722441313343537450e+00,7.475771379262289296e-01
3.596874010160752699e-01,2.271513898001481513e-01
-2.485158648761721656e-01,-1.397048481543226028e+00
5.838926988606022439e-01,-6.133365771723658932e-02
2.513799939629146607e+00,-7.915307083174210057e-01
8.073479560083569595e-01,1.286646200073668644e-01
8.511190515216744412e-01,-8.391475837536014337e-01
-9.074609129821615827e-01,-7.270991033669965686e-01
1.732418075331338958e+00,-1.581315554255013023e+00
2.297571194030334496e+00,-8.248102102806912361e-01
5.999685855012351077e-01,3.644030813119268908e-01
2.447911915565443852e-01,-3.813006658806022964e-01
9.671281709021308792e-01,-2.330681823857675694e-01
8.722959912497298962e-01,3.484106169199072678e-01
3.275969525579250918e-01,4.404525910154518664e-01
-6.058825653011670198e-01,3.443293317440766776e-02
1.166351758304166264e+00,-2.057467180495088144e+00
2.745830171963244304e+00,1.667286259986625885e-01
1.607842332046252487e+00,1.009551485834996737e-01
-1.811565395238480258e-01,-1.198472543040796534e+00
4.526802991634250595e-01,7.343250590844333514e-01
1.145347201064371045e+00,2.542507078496167305e-02
-2.078987234879568824e+00,1.502406009088940397e+00
6.068824528478192759e-01,2.505685402147973528e-01
7.340196912743142121e-01,-3.593933780916955811e-01
1.595788885799733769e+00,-8.985574316894485714e-01
5.958569407221750991e-01,-9.677974575183370676e-02
9.577216425910288766e-01,1.099260576031523273e+00
1.812493484117300380e+00,6.043807090917047153e-01
-4.509010989476438525e-01,1.346834139171202427e+00
5.411118455335478528e-01,1.787491302436301721e+00
4.395882765706131123e-01,-5.276111044567639574e-01
7.531278197764686988e-01,-4.827149044683782808e-01
8.307928001972617604e-01,2.444880757695036266e-01
4.511421151801853213e-02,6.472784143842356119e-01
8.071054153033262457e-01,-1.160846712239773426e+00
6.512018838339757032e-01,5.385289916052538040e-01
6.278142743734794751e-01,-1.931754468598110286e+00
1.740199293982442663e+00,1.541482493760039096e+00
6.003274721985363271e-01,1.301809847584432633e+00
1.662621340434192740e+00,-9.399085653443489674e-01
3.442781465267673036e-01,9.825179855534323936e-01
1.507033586362457100e+00,3.392510309689946157e-01
2.526850368273921177e+00,1.040603639025746929e+00
5.642476247084027285e-02,-7.973806030385706123e-01
-1.880315081214207762e-01,1.852876587422315202e-01
1.195003170593762487e+00,6.341916111126164601e-01
7.298885685884387575e-01,1.658263259820169422e+00
-5.381619408706654895e-01,8.207630476466312164e-01
1.280528286005639060e+00,-1.427478856051859202e+00
1.271261271164599194e+00,5.400173667686456458e-01
3.103133755415194983e-01,1.203948903887549271e+00
2.615078203749449770e+00,-4.706725059949017353e-01
9.270896505938457377e-01,5.058022815906654257e-01
1.126957653958707617e+00,-2.651970733570254701e+00
1.285685528643452091e+00,-6.712185599264057778e-01
-1.637073695715302035e+00,-1.065324338574667795e+00
2.266844909897213878e+00,4.040977814114292688e-01
-6.350813458578763449e-02,6.343697182469644202e-01
1.361350827508697403e+00,-3.413299466162058593e-01
6.256694085821451479e-01,8.407407955240732145e-01
5.418549765831045528e-01,-1.027600309182237437e+00
-1.788248563892549603e+00,1.987779963330828403e+00
-1.969130279372023340e-01,-2.443141344504251300e-01
3.688389596498309886e-01,-6.880930218840302093e-01
4.816954154339667116e-01,8.941676604493837832e-01
-1.076533786311587360e+00,-4.208116793939532529e-01
8.760783014801711843e-01,-6.697255367341717336e-02
-5.779018467377423640e-01,8.097376401135945034e-01
1.061102249442013479e+00,1.569109845920709567e+00
1.697398055348100510e-01,-7.761178708835486661e-01
1.866232438309147090e+00,-4.896635799715756132e-01
1.593346865413989066e+00,3.064795851437173146e-01
1.305714793462918744e+00,5.097488782681378616e-01
1.643769241033392614e-01,9.862020120603613715e-02
-3.352441018829972474e-01,5.769107974622192936e-01
9.209084477704230220e-01,7.895439123349756727e-01
1.574697444887565911e+00,-3.570624520329592766e-01
1.304798146027756678e+00,1.821294311248896181e+00
1.151233193554013878e+00,9.667751712236780648e-01
-8.781762602517906302e-02,2.880431341052310801e-01
2.355641583480730716e+00,-6.888648659797059759e-01
4.712688845300352369e-01,-2.225203769566959977e+00
-4.920190674504547612e-01,-7.502371413775557052e-01
2.135114833856847083e-01,7.565641609951441193e-01
-5.035360287466252860e-01,1.575839167739643276e+00
1.039530132452564981e+00,-1.414602494356698159e+00
5.410920813420185826e-01,-2.623332274167629041e-01
1.110008211338829209e+00,1.306939864028802578e+00
-5.725799233661303944e-01,-4.537495637164793427e-01
1.245102626080408559e+00,-3.779495037625297815e-01
4.840884739155920657e-01,-1.584297726534575679e+00
2.241890707981923914e+00,4.150201530972756903e-01
4.057628618537362786e-01,-2.321825943761766542e+00
-1.150493890056157653e+00,3.672336181475169825e-01
5.274903548356026928e-01,1.400124294308944251e-01
-3.512706889699681589e-01,2.158453699061068098e-01
1.227673555736975786e+00,-6.218226182104015232e-01
-3.546878953753824781e-01,2.998883331382297124e-01
5.288364807359731135e-01,-1.462261813081815687e+00
-2.025595020737931407e-01,-6.246311500120065308e-01
1.963833895568401822e+00,-5.063395365049105923e-01
2.027750688217431652e+00,-4.758246967145700612e-01
1.299331141810907919e+00,3.240283152337860573e-01
1.245960670760404509e+00,2.109560682163984513e+00
1.662395665388333832e+00,-3.219830293749046390e-01
4.649153319885291902e-01,5.212939034303155639e-01
6.707069769063348508e-01,-1.078725730362377844e+00
-4.119844978364661792e-02,-1.123134272447091186e+00
-1.892516346317505427e-01,-3.575797216780352006e-01
2.002662139382247464e-01,4.728345860990323946e-01
1.721075255026265349e-01,1.133360801026033871e+00
-6.666173302641014153e-01,-1.006783120558270905e+00
-5.399156492100627425e-01,-9.349417104841769577e-01
-4.669942408528606759e-01,6.147549295201122366e-01
1.198965498497943205e+00,-1.147664406200983978e+00
6.310207915593935013e-02,-3.400811133765487826e-01
1.573658819093535222e-01,-3.785708079180498675e-01
1.017914184072589157e+00,1.474131766860635961e+00
-3.085248402226237197e-02,-1.835485108511793584e+00
2.241453201038627885e-01,1.932626461393588957e-01
1.937551705477145170e-01,6.333883257921882892e-01
1.217081509603272771e-01,-6.616726847326149796e-01
9.318157966373821210e-01,-1.072275271824558285e+00
4.205668680172355289e-01,4.428489269068115464e-01
1.008549758596006818e-01,-6.172041367182489191e-01
1.031476274302680629e+00,-2.192304569330842112e-01
1.537507662909556538e+00,1.278836459810532178e+00
1.679467204123919366e+00,-2.330595343726418467e-01
2.559907393488989880e-01,5.729267705025552493e-01
5.146241407477838425e-01,5.539405818583318375e-01
1.523865374447234133e+00,1.103490073666422377e+00
-2.154997596661450965e-01,-4.201769297779404111e-01
-5.142357486483286610e-01,2.520079850290479317e+00
6.294941963879316926e-01,-1.419212002011600138e+00
5.882610222716722070e-01,-6.757385791926551200e-01
1.182191826480295305e+00,3.049221260444217596e-01
8.284938774861253519e-01,-1.079325174577805857e+00
2.839562600143752946e-01,7.890587298727921306e-01
1.890626988954869248e+00,5.279274219880100150e-01
5.764304937815012408e-01,7.524403549440232819e-01
2.239362527876300746e+00,-1.695850563344507844e-01
-2.102656781052627544e+00,-7.675686877449225398e-03
1.653935489059262576e+00,-5.839098823245517655e-01
-1.271205818529130616e+00,2.490280311615039877e-01
-6.859852915489417224e-01,-7.425355101177156802e-01
-3.964881754709077555e-01,6.836506667362810541e-01
7.928242513413730208e-02,1.295976355678325476e+00
-6.723498480951135559e-01,9.855934344223010735e-02
1.162532657190995078e+00,8.877150997354315010e-01
9.524188415821888132e-01,1.261832113899359786e+00
1.424440664071789042e+00,5.151416297156957702e-01
3.201887642500090836e-01,5.328881697016955021e-01
7.030327404923375489e-01,1.188881246277214254e+00
-8.039008436479770925e-01,7.052025081913486648e-01
1.378172001037930361e+00,-1.146339007222225259e+00
-7.341271234689425995e-01,-1.438360158022945923e+00
-2.535951173482782206e-01,1.662639331809584231e+00
3.955220398208808552e-01,4.227114842106751702e-01
2.255136179988677658e-01,-2.196342984073434978e-02
-6.116975637720802883e-01,-5.072083438024302948e-01
7.698588309526551710e-01,9.182403712060209777e-01
3.120899467844897579e-01,-1.463833572015189821e+00
6.992983545110732502e-01,2.983351209236272950e-01
1.220354034940969390e+00,-2.126863816184466405e+00
-9.828989318814398413e-01,-1.087394117609994604e+00
4.791171095240488453e-01,1.630279058690749627e+00
1.434394406138250533e+00,9.899014211280815490e-01
7.257749258831058814e-01,1.030684045918567993e+00
1.844427760474386613e+00,1.134724671693530251e-01
1.976548355452101502e+00,2.591864165484673022e-01
6.309011821702251721e-01,-7.361101156668344858e-01
-6.736851802477765716e-01,-9.538381845448696827e-01
-2.053868467566002387e+00,-1.010234756565720371e+00
1.556541919309356814e+00,-7.435158515429627357e-01
-1.839536256441264284e-01,7.387967665785842852e-01
1.188390278954442936e+00,8.106981258995714645e-01
1.651815830685521513e+00,1.498430459215554622e+00
1.645017571041660132e+00,1.210455008257166343e+00
-8.488830721585387540e-01,1.452411022491405301e+00
5.933578304544839810e-02,2.557336859107125715e+00
8.988487065587336122e-02,-7.473438526931124315e-01
1.445468472008115679e+00,1.958252875653364367e+00
5.033911053851439776e-01,3.079672641308071612e-01
3.133411578014436705e-01,-2.637041234005205181e-02
-5.598192707304681104e-01,-6.302622010476176539e-01
-1.047594058921831328e-01,1.232242945462237005e+00
5.285784541807952985e-01,-8.956469570108832601e-02
6.038964166104495712e-01,5.600628717987490290e-01
1.009186124933608486e+00,3.555462686868139377e-01
2.150567130728656906e+00,-3.065463570832860363e-01
-1.606584070885135329e-01,-7.607741924597583028e-01
2.132356514961346039e-01,6.114313788810316064e-01
-1.030537050689249057e+00,9.653357883084056068e-01
-1.090103051185665306e+00,4.447822993602420505e-01
7.747967014738696978e-01,-1.939383610449061657e-01
1.750377043581274661e+00,-9.626735818729633687e-01
4.234760274670209546e-01,2.109745312170286102e-01
1.653790967407016144e-01,-3.647241068066324754e-01
3.285482143514604769e-01,6.020700758696225785e-01
-1.053135540128808945e-01,1.723237272342386106e-01
8.170203331481999953e-01,-8.233041303068467931e-01
1.164554741903210511e+00,-1.065693213702576247e-01
-2.355435928397360268e-01,4.893855391371190189e-01
9.735461049974984959e-01,-6.760329783233680612e-01
7.044852131712868726e-01,-5.415377090129810389e-01
-2.040631180609087103e-02,3.617130760566650283e-01
7.923304634527190693e-01,2.622151386995216771e-01
3.221017805083795871e+00,1.349253657935647777e+00
-1.560371495770412897e-01,1.432142548789713699e+00
3.112078238753477888e-01,-9.004053218640094558e-01
2.453332582414570417e+00,1.293384926038412930e+00
9.122554486834110188e-01,-1.016669298964853196e-01
2.430852257832277985e+00,2.099857691134933424e-02
6.632436448558999276e-01,6.598009373721419601e-02
-4.446065563701784296e-02,-4.219471244658900000e-01
1.396496026488474040e-01,-1.251372628004312926e+00
2.370207993665661483e+00,1.015513265022047973e+00
9.452928303609610117e-01,-7.117805045314539170e-01
-9.037496430494418309e-01,-7.325666927056317945e-02
8.918041208236704431e-01,7.051455511011862631e-01
1.683025936783386634e+00,-8.534930257240125329e-01
1.386706671062637231e+00,2.408701746279293676e+00
1.058445922906917414e+00,8.048591857561665508e-01
1.827053946874665380e+00,-5.596318141320152373e-01
2.469392136998524556e+00,8.647489587390841947e-01
2.216552209007076613e+00,1.775638709581597752e+00
1.737392736658021297e+00,1.962054664402350879e+00
1.710975461370347395e+00,-1.158642097714720487e+00
1.152526041617639052e+00,-1.084241798443793980e+00
6.807119918872236441e-01,-4.767035715367649029e-01
8.806003688421515374e-01,-5.782877665346954910e-01
2.208061960160475401e+00,8.506536528267124586e-01
-7.468894878119793912e-01,-1.256722552895761291e+00
5.350670701336839308e-01,-8.094795943037624841e-01
5.660548829654512559e-01,8.520417132839501750e-01
1.174792499431855930e-01,-4.255434310843879686e-01
1.049700132437024092e+00,1.158843000256816191e+00
3.057865159280106493e-01,4.241796658480311288e-01
4.716994404901411198e-01,2.893339299112281937e-01
-2.756817198929598645e-01,-5.799290114337062318e-01
1.250354515206380857e+00,-5.523956918513104331e-01
5.649139053647812547e-01,-8.858332490952605109e-01
1.236941623575565696e+00,1.657566464914667526e+00
1.522949583164813436e+00,-4.580913072568840727e-01
1.025494086395824400e+00,-9.801612689781172283e-02
1.556041224024159009e+00,1.130263442197486201e+00
6.017349035935086743e-01,1.299104264943719667e+00
4.002285672999824073e-01,-1.169761958292444337e+00
-6.918961940252603693e-01,-9.832775144231314934e-01
2.171074233874051185e+00,-2.427059705648491883e-01
1.023825881249094349e+00,-1.402660031025615428e-01
-1.162404548604801802e-01,-5.915571036283958639e-01
1.031470547160965978e+00,5.410871291922928483e-01
2.290758143171798822e-01,1.501674875127192443e-01
3.978105186743647326e-01,-7.662828762599102062e-01
7.371308605290416427e-01,-4.208374385942692530e-01
2.431899895389872057e+00,-9.561128195225291337e-01
-2.468702495474570657e-01,-5.956474634573674098e-01
3.250957694144807064e+00,2.074006824258030512e+00
2.242788671587968574e-01,8.666774995942998494e-01
2.696251254659716712e-01,-1.023423693037312399e+00
7.265517531380581984e-01,1.364391229909147629e+00
1.373537397017134065e+00,1.271159981940752082e-01
8.359339779566502537e-01,3.060098585135700988e-01
-6.320728314092336486e-01,7.331464113892826040e-01
9.789221573468904758e-01,2.307531424421934041e+00
1.145776321112564666e+00,1.170968116193157771e+00
8.502356745382676495e-01,-7.666657179235000785e-02
1.294390223801094919e+00,-9.210567190748494282e-01
2.352955046175508436e+00,7.177627942140281103e-01
-8.127190577610894362e-01,-1.490369369395712740e+00
3.160492908625265884e-01,-6.274170277720383382e-01
7.907832724245349443e-01,9.605827764349567088e-01
4.378150734888889284e-01,-6.665654146248424228e-01
6.640286756072384389e-01,-6.842869878117128213e-01
2.317242325654713664e+00,-8.780745873102432930e-02
4.728069722302330469e-03,9.814067842845617395e-01
2.001335464005519760e-01,1.141712652013302076e+00
2.049197236564237468e+00,-5.449502219511775936e-01
-1.240958994336158749e-01,1.651583828672200382e-01
1.483807311379504723e-01,1.179516902809808254e+00
6.772778386848121723e-01,9.765633829126478815e-01
1.528103822825767288e+00,-2.719429079275308414e-01
4.097840067875545556e-01,8.046959068203257681e-01
9.362179984478180561e-01,-2.096176913064130842e-01
3.148142290173408853e+00,2.754309452373302491e-01
1.595638516497817960e+00,6.513402060452498921e-01
1.803315611358992099e-01,-1.455961052743125927e+00
1.779468688103303942e+00,1.065767629727154414e-01
-9.619439949089201303e-01,7.247130434705822966e-01
1.001453863817575840e+00,3.060885535813736014e-01
-6.567518287560016876e-01,-9.672466695706919415e-01
5.261208089364826090e-01,2.692000740613550436e-01
-5.071502803406602311e-02,1.061908462581570012e+00
1.008147913088322190e+00,1.705047163758994566e+00
2.118387300577555976e+00,2.590784325306537683e-01
2.087710582233503587e+00,2.865906256469783475e-01
-2.037578035117030062e+00,4.888913615695769099e-01
1.069984328304825816e+00,3.064574502934760414e-01
2.080581741148363584e+00,-1.579088004629271458e+00
-2.748773717615859979e-01,-4.035418430649142518e-01
-1.045287636755461547e+00,-2.038930265794436369e+00
8.655999045772287959e-01,-1.165823309455573886e+00
1.990473738499350720e+00,-9.007427337754533303e-01
5.186705507515112501e-01,6.193628455657105292e-01
1.296886385892228155e+00,-1.917065211953093706e-02
-9.210947943907488167e-02,6.825080265423377757e-01
-4.036460847829466125e-01,3.520124170116538664e-01
4.021441215614903752e-01,-2.463959048954761089e-01
1.765171406512189511e+00,4.676361674461652906e-02
7.827948509173687786e-01,1.437091719792999156e-01
1.047301641671992023e+00,-1.325095301119653957e-02
1.753388301249868553e+00,-1.150008371707570198e+00
1.759708561770090274e-01,2.020096309939973245e-01
1.026260760097553737e-01,3.780766662571696246e-01
1.235001576168606841e+00,7.297463977515538103e-01
-5.600521842533929817e-01,4.674804450769689534e-01
2.388009114693441681e+00,-1.076970273365489561e+00
6.454227247199360029e-01,-1.965107971965863065e+00
2.167897070037782647e+00,2.183922065727497586e+00
1.289986678732540692e+00,1.497372784559712899e-01
1.843222684528678323e+00,-1.069780347276770849e+00
1.923051538573192998e+00,-6.589077271338081854e-01
4.068900561097820723e-01,7.441725587532805886e-01
1.797696443898882723e+00,-5.293188619942905682e-01
-6.158598681525331298e-01,1.760803388260875346e+00
1.247917934332211320e+00,1.069606871052936725e+00
2.459988490154816354e+00,-9.024282353365790099e-01
8.759303906815136820e-01,1.622555147828435906e+00
8.960721363256252125e-02,1.624411789226845260e+00
5.689699372876428907e-01,4.948023246432723399e-01
4.823077857207364039e-01,-1.104659943404225353e-01
2.759431293888764181e+00,-8.619160255866074039e-01
-1.525383215849922536e-01,1.536841324178603307e-01
5.325476582913765133e-01,-1.147299352474717260e+00
-2.256651267655701565e-01,2.147828979318669784e+00
6.665926438670953802e-01,-2.871618917145624117e-02
1.842159339204506363e+00,2.393553466101271177e+00
2.476490843120489060e+00,1.052701354077582030e+00
-1.404320186916097057e-02,2.615508869074189002e-01
2.380816797471452251e-02,-1.051145085117725086e+00
-6.184711630290296025e-01,1.071151036924546940e-01
7.384802140954030980e-01,-4.083766746712080842e-01
5.688959839603439095e-01,-4.146207536264462368e-01
-1.585937072583145646e-01,7.557880948009703115e-01
-1.760237160551209934e+00,9.634385253728474652e-01
-2.615106043878374642e-01,6.509718690021120135e-01
1.093989532147257249e+00,1.395602623289093014e+00
2.788709594047072415e-01,-9.512984435193180266e-01
-3.661061582620694921e-01,-7.655149799776317376e-01
8.477970029001464791e-01,-4.027781267778368646e-01
1.939349984393051063e+00,1.555758756961386213e+00
-1.558995749752026816e-01,-6.007700950779382154e-02
6.211595924646440281e-01,-1.462597185896342245e+00
1.091223792227168810e+00,1.026690068593580918e+00
-1.188555319971721147e+00,-1.516337299542685146e+00
-1.877221039203039288e+00,1.785771767291137291e+00
1.778297457358921196e+00,-8.813448936823284896e-01
2.415413703650236332e+00,9.702460505489184373e-01
1.031154190101165602e-01,4.996206996937213596e-02
1.460071879035422793e+00,5.836846023181557763e-01
2.791429243312317787e+00,-2.859016277918258186e-02
-2.528002524976913357e-01,6.271670678776599672e-01
-4.284836432726264466e-01,6.662112178170319643e-01
2.138558007419794293e+00,6.866630576769713334e-01
1.886462062825891906e+00,-1.042485979899468340e+00
-4.781429905143754766e-01,-8.744215635054268798e-01
7.058571772057649074e-01,7.139616029461136604e-01
3.134322129742286300e-01,-1.002949697308741506e-03
-6.459755900448636012e-01,7.141997921641064506e-01
-5.109683589724123287e-02,8.425722987080442872e-01
-1.060740683547104490e-01,1.220935049945616468e-02
2.903093940328194122e+00,-1.924478290636724986e-01
-2.222655066369647603e-01,9.084910764786620074e-01
-5.540315897038692317e-01,1.070741004839275978e-01
2.277843811946125285e-01,-4.198526252183492069e-01
8.470533227400106613e-01,1.588125288368281263e+00
9.174533802956073014e-01,1.295500203331304778e+00
2.018606445616972334e+00,-9.519940214288910019e-01
2.055262379511009652e+00,7.258932956946445580e-01
8.053420554492405348e-01,6.687908443279844128e-02
1.966702252219595604e+00,1.002807115428286266e+00
1.266597845198033312e+00,3.089306281168338608e-01
1.252122117154027547e-01,-6.299086388538774894e-01
-1.739643994552963369e+00,5.264664851658079625e-01
-6.040537562610357458e-01,8.963419069048154109e-01
4.095091338497336975e-01,6.217179646407688248e-02
6.178375393103755497e-01,1.631423662269553043e+00
1.440909907759223785e+00,-2.339539534311760594e-01
1.595029530156863107e+00,1.023391847069525129e+00
3.166954591844438616e-01,8.407612344387680459e-01
1.071545244975491862e+00,6.548419588968448224e-01
-3.685879818346327053e-01,-5.351636972994894270e-01
1.182542553375427685e+00,1.757911345431223404e-01
1.154718850302248745e-01,-1.596261731799646810e+00
8.297842715692710369e-01,6.771782764407385802e-01
6.039059356832852110e-01,5.340610081704199041e-01
1.158659533853295898e+00,-2.390008434043006946e-01
1.981766178780980825e+00,3.250925967862359212e-01
1.981024132065653420e+00,-1.161435250096555905e+00
1.512379267553948470e+00,1.082767223214912283e-01
1.704603008978909484e+00,-1.108415689736417464e+00
6.254946421081424290e-01,1.912787196706438875e-01
5.222322590495078742e-01,-5.858948415029506807e-01
-1.152647369385983112e+00,-4.820303017503267951e-01
-5.866892455502614734e-02,1.788177947923239586e-01
1.875888602905134706e+00,-3.288012168778210453e-01
1.091676987277870436e+00,1.009114063459093102e-01
1.614951855988583374e-01,8.005755264392783177e-01
1.130936408878967292e+00,-5.906664721784717909e-01
1.705655495177852199e+00,3.561833675163370572e-01
2.780455888869403647e-01,2.074386297137260193e+00
2.964135767510822639e-02,3.644674636333883333e-01
7.021526686035897136e-01,-6.521615495282930830e-01
-1.058371643934027828e+00,-1.123169674758569103e+00
1.093204520676326119e+00,-5.810495273477246370e-01
1.230382106970274725e+00,8.437933276385418679e-01
1.190638743363841678e+00,4.217502252174782917e-01
2.154741168926177952e+00,2.667102476550661239e-01
-6.194360610151339319e-02,-5.283354181099395586e-01
4.877414766511956046e-02,1.928282577505967543e+00
2.907822027399803666e+00,5.461740205770604373e-01
9.357390799269345028e-01,2.200227822033752556e+00
2.041024885692558577e+00,-1.510723117401595317e-01
-5.400144059896232474e-01,3.379425348558956488e-01
-3.996217140042281901e-01,2.347363114221926672e+00
1.844164449938116457e+00,-1.553651820319171539e-01
1.162444389329712502e+00,1.649922038080075870e+00
8.054397684195029328e-01,1.127366015164762869e+00
-8.115737584572078056e-01,4.669812150125813854e-01
4.250376412611134302e-02,9.390227297158521003e-01
-5.519625481553438462e-01,1.758862172326715712e+00
9.441408742491943507e-01,4.224237913772149078e+00
5.316432111939739524e-02,-3.313286961019265009e-01
3.123934522442877615e+00,-1.048928858470115633e-01
1.354227279906899284e+00,-7.176055711651920799e-01
2.888231174210512897e+00,-9.709295656065853874e-01
7.258863516575717600e-01,-3.257950384248509135e-02
8.868077116378445535e-01,-6.293838670772627930e-01
2.026212697398308560e+00,1.033838046853551018e-02
5.155177550381243590e-01,1.307582077061383519e+00
3.196575520412687332e+00,-6.121805071278300092e-01
4.150818273829811611e-01,6.891075052374577847e-01
1.377973978599417615e+00,1.223336317978846038e-01
1.282951061816426819e+00,2.307232612063621346e-02
2.050892665823071059e+00,5.518544666809704902e-01
1.871375191856735620e+00,-4.027354525858433121e-01
1.194871811744221857e+00,6.778488112833321866e-01
6.908122490669347249e-01,9.851035771423447551e-01
-1.531048257824538794e-01,1.069635630798170700e+00
-1.526282830805084645e-01,1.808489047654364690e+00
-8.044690153917173348e-01,8.725687154924446354e-01
1.457598678894190813e+00,-4.761856315015708940e-01
1.734594762436207915e-01,-9.649766560177120978e-01
2.284502803918663894e+00,-1.035242985668446969e-01
6.935848693931303544e-01,-2.585115376569462775e+00
5.602654163658040698e-01,1.464311288744343464e+00
9.777129513405881100e-01,4.552746636843894024e-01
-3.060349582686479053e-01,9.245819398830932290e-01
1.852447015943318176e+00,1.059547471138144070e+00
2.051335407870093164e+00,-9.463037035363398575e-01
1.648803374314190329e+00,7.071225822695006435e-01
5.378803578826425458e-01,1.311208172258962801e+00
2.076267658710797992e+00,1.289923082023395062e-01
3.026344509692666662e-01,-4.822003385892866811e-01
1.833530596676818947e-01,1.001797265541108706e+00
3.595764149580807367e-01,1.313716641723074119e+00
2.577301236549227603e+00,-4.463962278950727169e-01
1.136624220219029979e+00,-3.149181941261777196e-01
1.480917113460137546e+00,-7.370638523094279471e-01
1.247299803128402385e+00,5.795263022801718789e-01
9.648265186917113212e-01,5.763337668102854749e-01
1.091161777802161836e+00,-1.508821314077690490e+00
-2.285535777755564046e-01,1.339048227647001488e+00
1.716225687098774655e+00,-3.168600678781196001e-01
6.391138169078498521e-01,1.696263548868994331e+00
2.144460742767609895e-01,-1.608941499934069264e-01
1.131487976317884225e+00,2.369108073873678943e+00
2.474445850929991586e+00,8.252327302863220471e-01
-2.709272470465933225e+00,1.447606948068617783e+00
5.330270665418758158e-01,-1.426398473498861064e+00
-1.166005415003448231e-01,1.201696449006729894e+00
2.067438855741603021e+00,9.122030341842143342e-01
1.301263399677225152e+00,-1.428090699120499574e+00
1.532027857417931127e+00,2.252048072529805101e+00
3.364919360235914536e-01,-6.233431492921563954e-01
1.724154521081656899e+00,6.317866219435356312e-01
1.570288665791190308e+00,2.695118418732390664e-01
-4.010629941953880451e-01,3.731826191192025854e-01
-2.975503997131278000e-01,7.008299066099236141e-01
1.982400366991825758e+00,-7.847705383070506802e-01
-1.169969249573164838e+00,-8.994470284180675068e-02
4.315766361399154816e-01,-2.060099007530947490e-01
-3.324169084031103338e-02,2.855464302021088474e-01
1.653422671099952002e+00,-4.473887020285549632e-01
1.192595878785109420e+00,-8.086966464636304863e-01
4.702407621995077780e-01,2.311947499541981976e+00
2.885958697006285600e-02,-7.126952046754423398e-01
6.595641714697153546e-02,-6.132003467109908845e-01
1.139803727013046553e+00,9.553669152581021340e-01
9.220525020426764140e-01,1.072886343625298222e+00
1.853224453517919201e+00,-2.036475791252389200e+00
1.324589877340773825e+00,6.039358903356835118e-01
-3.155871847393716401e-01,9.957046305525789620e-01
2.115940155880659646e+00,-5.154362043049506292e-01
-5.302169373577381162e-02,8.971014749264886179e-01
2.135250757250365172e+00,3.081264757677254496e-01
4.491502822320525556e-01,-2.663071697852278374e-01
2.201945902725588322e-02,-1.447969092325402940e+00
-9.583897654833064550e-01,1.995918376720904885e-01
1.373654693894299950e+00,2.085489723648779048e+00
2.135327895209980120e+00,-8.287830923455531407e-01
-4.112053454107409411e-01,-3.237039127532178595e-01
5.901610712552657345e-01,6.198300369128112441e-01
8.462706309241855296e-01,1.003608133523079315e+00
4.389600637218011858e-01,2.747183281227269513e-01
-9.087777977631694704e-02,1.259789882614091416e+00
1.210018436502044548e+00,-3.071901176497518482e-02
8.212478058033017003e-01,2.589507075352525112e-01
1.837230622006875702e+00,4.956367292336603114e-01
2.456244546653808758e+00,-1.017092188434328470e+00
-4.011531403640984372e-01,-1.342424517704507991e+00
2.762031169772516392e-01,4.893560722523450091e-01
2.947601412274088450e-01,8.177485169451121916e-01
4.879494963092595450e-01,1.537976947668660666e+00
-2.746278841777511914e-01,1.726534771817052283e+00
1.333720936528544954e+00,-6.265433696411581987e-01
1.727016792470653428e+00,-5.242946226511168151e-01
2.768971616096571609e-02,1.432723052908155825e+00
1.760704259774018343e+00,-1.084666416073443163e-01
-5.192771789956589501e-01,8.992806143566660360e-02
7.282614835834924083e-01,-6.133151338910277639e-01
-1.166210879048742655e+00,1.974364963675097950e+00
3.137659784493305182e-01,3.192836158116121315e-01
1.829402769896438796e-01,1.195292691198496460e+00
2.628898360510332211e-01,2.266755995903288190e-01
2.694538909316079867e-02,-5.496397361813784022e-01
3.014179402085710002e+00,-6.813450149521941279e-01
4.429495447943018749e-01,1.021877138505032256e+00
1.897177056626888625e-01,5.078652540183414832e-01
-1.003655986924010257e+00,7.911089714625466618e-01
2.218617860959092969e+00,1.316047571811945760e+00
2.969227665451456666e+00,1.991299924787641729e+00
1.696463935305954074e-01,-9.646117883582817631e-01
9.305812657266852028e-01,-4.102682886332427170e-01
1.665675757604945462e+00,-9.253424108092178635e-02
-1.273236387577835416e+00,1.583163370347392407e+00
8.628066762817073743e-01,3.158584736076338606e-01
5.094846565388683191e-01,-1.238702495095840295e+00
4.869045391943394030e-01,-9.376526983337017951e-01
3.064632541332412696e-01,-2.216749335455783509e-01
4.065089551625860609e-01,1.027491712945990260e-01
7.538578804860257554e-01,-1.378453406507538226e+00
2.028930531282663541e+00,2.397144392977005878e-01
1.300298742620133563e+00,1.866913858766613976e-02
2.791272795914854221e+00,5.179759412761389958e-01
7.538521098552335431e-01,2.877416918472887053e-01
9.831186264243900741e-01,-5.972503472558047255e-01
3.694791634193215768e-01,-7.408346759407795634e-01
-2.631321618824133957e-02,3.459550351932503265e-01
8.830283858581958745e-01,3.230298391525973090e-01
1.469622722742081722e+00,-7.528301909579425688e-01
1.153155415521640581e+00,2.788233855407306616e-01
7.325608991545015103e-01,1.755938398957205937e+00
1.198422772784442314e+00,-7.339718543945056295e-02
-4.345777576429499245e-02,1.021621642218056181e+00
-1.353654220350987147e-01,8.561859866160734800e-01
8.011837320290714493e-01,-1.502896423837176920e+00
-3.116918289747001580e-01,3.472408132874330033e-02
1.822233691846358639e+00,9.301731111398394702e-01
1.488208788324548282e+00,7.443416819861885525e-01
1.114712381542938280e-01,-3.984006219264939475e-01
3.426023230829611244e-01,-8.612486115119388774e-01
2.292397143367632228e+00,1.874121394486754077e+00
-2.135078440080849793e-01,-9.673985288454375886e-02
-9.201108424099002647e-02,6.460027753326860744e-02
1.526079916959277138e+00,4.573257135198746104e-01
8.786500709691300592e-01,-6.267703158875510550e-01
1.670256479389888193e+00,-4.506828664256171679e-01
-9.844329496596417872e-01,5.435277297562227661e-01
-8.332047473122838888e-02,6.475136287508346244e-01
-4.334334306644984647e-01,2.639980019341419681e-01
5.244745356536621994e-01,1.079344514807625943e+00
-2.225514862641471137e-01,-1.582232621185811317e+00
1.573160262785025854e+00,-1.169754819790840505e+00
1.287911183103269241e+00,4.514011519159321084e-01
-4.917815506501832523e-03,6.222391438504161210e-01
1.629665632439716738e+00,1.327460374545836874e+00
2.434623939050942987e+00,1.118967784908348362e+00
2.499773706826944775e+00,1.192039888072917497e+00
1.371273292390741139e+00,-2.655093666966941157e-01
1.912295548860334815e+00,5.639235562962275905e-01
1.087124093635593036e+00,-1.609770117998345018e+00
1.005864531488085190e+00,6.120263155154412882e-01
-9.342769920257709693e-02,-7.872086820713727340e-01
-7.353654611230053817e-03,-2.286736263543150738e+00
-1.756554130943210668e+00,1.595204560847614528e-01
1.093003013962708270e+00,3.473241103790212225e-01
-2.491771533312092668e-02,-8.420793604404495092e-01
1.274350995143213705e+00,6.410245069901521209e-01
5.897418910124567759e-01,1.353110831709348982e+00
1.112984528643650384e+00,2.885566231140560767e+00
-5.016669447183050856e-01,1.639586766239581606e-01
3.145071335825474490e-01,9.717078153390528161e-01
1.573791724147284299e+00,1.341936162316432313e+00
1.895507713191035393e+00,9.308076606811248599e-01
2.253731263610770696e+00,1.538740503904677259e-02
9.005685919870198841e-01,-3.675139642395366946e-02
1.757543893850377126e+00,6.177185756235936687e-03
7.958718908505252321e-01,2.419839100865616988e-01
1.802314232891399914e-02,-8.703744780321710506e-01
6.456088751129153147e-01,-1.140217474416752030e-01
7.989225442105221120e-01,8.414679371074691716e-02
-2.766099466481128921e-01,8.426878417891335848e-01
1.097463619750495889e+00,-4.019914892517375549e-01
1.138217399289144449e+00,5.205427851034764158e-02
9.401179870165965458e-01,-1.023031734600372999e+00
1.613472056560294909e+00,-1.536160972180847573e+00
1.355342021329711155e+00,-8.324475132394121291e-01
1.844862995566292518e+00,-1.628058148692804186e-02
-3.836546658328432446e-02,-4.359629179963515622e-01
1.332693834265115118e+00,-1.263293389042215331e+00
2.573232191358498788e+00,3.560172810065654891e-01
-7.102228377337018728e-01,-5.240151512539757972e-01
1.842568443235143016e+00,-1.192866748106772956e+00
8.859722708291550841e-01,1.033124856016357951e+00
6.455988156604419714e-01,6.600928515471448099e-01
-6.324503117644511008e-01,1.059873831060396121e+00
6.937167531255692410e-01,-2.106245679542252669e-02
7.038610377275792418e-01,2.374964968077719618e+00
2.630591792071848900e+00,2.210993573559428271e-01
2.023529366930356121e-01,1.653756461814920975e+00
8.098185816131765469e-01,2.737408298896062409e-01
1.166017800395708237e+00,-3.303541754668360975e-01
4.619878306310136740e-01,1.810991209666814594e-01
-3.546251213790307943e-02,-5.920858821507201109e-01
6.788207629221928441e-01,5.243654659863903333e-01
-3.264756072658769881e-01,-2.853503710340875577e-01
1.973822879248005036e-01,-5.594899589903448711e-02
5.312243531906506444e-01,4.942809267135471751e-01
4.855774641124147584e-01,1.123570256344426088e+00
5.230703788180181002e-01,-1.809328915247812308e-01
1.371221303853826790e+00,-9.132063551991673189e-02
-2.112476577572575120e-02,1.314795848767703168e+00
-8.241849842479154198e-02,3.599101362229962797e-01
1.385464229038532169e-01,2.038037085536418935e+00
-1.878225750047619602e-01,6.781550421800099926e-01
6.479310910852020822e-02,-5.881999778866775497e-01
-7.276726736831333753e-01,-7.856837287637811196e-01
-4.816094068514114035e-01,1.393334240474315422e+00
-3.000128974119302683e-01,-1.463501155509583651e-01
8.773007085640339708e-01,3.632940887615269121e-01
1.252223873708974144e-01,3.027256223886618525e-01
7.971608977259100337e-01,4.094206984760520585e-02
5.216496956449390154e-02,2.792496943699105949e-01
1.455255408581301424e+00,1.230337364840028425e+00
5.840180846081369781e-01,9.513334361639711467e-01
3.596138261617102927e+00,1.358330720790767554e+00
-8.798664759008913983e-01,2.486322936585440013e-01
2.804327018652567283e+00,-3.581486746124372678e-01
8.170312941640128779e-01,1.377318546228023965e+00
6.362604508115992097e-01,-7.625405671295426568e-01
2.094590574236971925e+00,-5.930651820462810031e-01
