-1.329391334448410955e+00,1.650347439461068877e+00
-2.122841816415804495e+00,1.876579671602571997e+00
-3.088770362015748727e+00,1.609930784134748327e+00
-1.591694678259060636e+00,1.380412974319948471e+00
1.688950566575717627e-01,2.058130333333509032e+00
-1.107914732728192853e+00,2.543885564972699243e+00
-1.912008245018786301e+00,1.852804648108227425e+00
4.025017535107204836e-01,2.194171569687515699e+00
-2.350197053386757773e+00,1.754136180946934020e+00
-1.290061658493722119e+00,2.232018045670756567e+00
-1.580964262498101069e+00,2.101939114427079591e+00
-9.703917611223203954e-01,2.041829074646959619e+00
-1.413976459402095820e+00,1.712811529287494583e+00
-3.556730524968668705e-01,1.823583143422084829e+00
-1.107654724036180260e+00,1.586743530937819724e+00
-2.293247747689575178e-02,1.590833107761926879e+00
-1.359818022202835541e+00,2.316186689374633012e+00
-9.514137611042408071e-01,1.904148564913313191e+00
-1.417138894482471656e+00,2.136260196396282840e+00
-2.722067587125812427e+00,1.062530702233879687e+00
-4.872661328837378791e-01,1.743694076683536043e+00
9.427850682380034542e-02,2.215385838046505462e+00
-1.803891240500719695e+00,1.717905194959768789e+00
-8.369246511566925673e-01,1.965447404696444966e+00
-1.545426921495947292e+00,2.183702756484675600e+00
-2.314403132007120334e+00,2.171319810713974618e+00
1.036078062058179761e+00,1.526299824902721758e+00
-1.539482202960462676e+00,2.083321605028200629e+00
-6.027484877591757773e-01,2.197886211456922645e+00
9.891894050082079559e-01,2.011470153908822223e+00
-5.547315715767793254e-01,1.580006229735404055e+00
6.187014846781901944e-02,2.230006434162977502e+00
-2.561246962414254646e+00,1.779115568287237936e+00
-1.102958718135782723e+00,1.830784438878104714e+00
-5.026934277082970581e-01,1.859774894626224473e+00
-1.571407617206025176e+00,1.824062486948625716e+00
-3.466789857677491371e-01,1.226999581379586868e+00
1.585058524553994985e-01,2.279187712721611803e+00
-6.106340520701625252e-01,2.107077428183685708e+00
-1.539016726185942208e-01,2.423270910598606331e+00
-2.568377804231664285e+00,2.097565655922147165e+00
-1.080415482893878565e+00,2.412961529452819054e+00
-7.147768389910786890e-01,1.953612316862133991e+00
-7.182583118668222077e-01,1.987400640971557664e+00
-2.670106296776529220e+00,2.059352870750765341e+00
-1.811332352344395380e+00,1.829988085102953077e+00
3.118752297042233224e-01,1.488502623126993996e+00
-5.559078429971006097e-01,1.716549516495114558e+00
-1.296206296142135894e+00,2.094720713743758456e+00
-2.390951600155182710e+00,1.831977637188220820e+00
9.188908837654130579e-01,1.685326914403979082e+00
-6.647976955151040368e-01,2.125916891561813848e+00
-7.739275951315471858e-02,1.983826986402492443e+00
-8.825399107484832584e-02,1.715341321631348226e+00
-1.134767131795686002e+00,1.797209042413224322e+00
-1.406253986591869287e+00,1.639700625477304330e+00
-2.723031667719642446e+00,2.034655567858706604e+00
-9.242261609435989955e-01,1.414595100038003928e+00
2.669633273204716772e-01,2.221814693637623961e+00
-9.194365310943590774e-01,2.025187971948245291e+00
6.632268961255869399e-01,2.007937340095772960e+00
-1.253694230762774087e+00,1.804449559350322252e+00
-2.058648267339368232e+00,1.933148474363171054e+00
-8.992070034114497679e-01,2.332797793946110865e+00
-1.779949933730787359e+00,2.102769495687329737e+00
-5.193203868771829601e-01,2.028624363561271515e+00
-5.874248605429346348e-01,2.527814583096926970e+00
-1.210006341220170478e+00,1.559375858436682361e+00
-2.603957645688362854e-01,2.090746906488755386e+00
-4.682186916253427977e-02,1.883911454779519046e+00
-1.359389184252948413e+00,1.728538005170097369e+00
-1.443945752807887173e+00,1.514474748849934826e+00
-2.745641110574542409e+00,1.224941473477857645e+00
-4.015613173229752864e-01,2.150881181853724122e+00
7.192657673207452085e-01,1.575177175632008542e+00
-4.356087416709053528e-01,2.355863748043520722e+00
-1.499887562899346882e-01,1.774732991819373495e+00
-1.618742763017762876e+00,2.015257388580796061e+00
-2.881864954045679772e-01,2.247195856505533662e+00
-1.622141545556149422e-01,1.611331195099561242e+00
-1.112906527633077181e+00,1.633645405922894200e+00
6.825728364982444063e-01,1.952637507147907625e+00
-1.724210674416070344e+00,1.940881718522855293e+00
-1.593544747106452775e+00,2.063619455717021989e+00
-3.256488171370284235e-01,2.193149872063557382e+00
-6.746668188127329380e-01,2.082927043969568182e+00
-1.914297260681865342e+00,1.891412811262028537e+00
-1.149983701546427817e+00,2.642901613480974632e+00
-1.864224443106645257e+00,1.898683815792197027e+00
-3.163966410042185373e+00,2.379355357335164456e+00
-1.872121856101592652e+00,1.498916123821448121e+00
-9.454552164969555195e-01,1.553724863230161013e+00
-1.589704801277141755e+00,1.892734477399714121e+00
-6.413927110930727205e-01,2.114938298618450396e+00
-2.745823762177822758e+00,2.545129515628681283e+00
-8.194492124401603350e-01,1.478414147168242820e+00
-2.242016648871627105e+00,1.766701072973629216e+00
-3.343959839162964798e+00,1.874166619464086248e+00
-1.826322472010057707e+00,1.997267386875392736e+00
9.575872882766411909e-01,2.334210986764389428e+00
-2.912370148945069293e-01,1.503747983458107118e+00
4.382790952082007419e-01,1.654676024264494005e+00
-1.042043222213480114e-01,2.086416118661739372e+00
-2.387989461234909516e-01,2.227293846087153195e+00
-5.025611130541957072e-01,2.002136741079840743e+00
-8.430663077626421309e-01,1.493193010857644998e+00
-2.201765720495203915e+00,1.911426260980212843e+00
-1.180401043639450753e+00,2.288545938525775814e+00
-1.369004083880656530e+00,1.641957097386669506e+00
7.846832534283467719e-01,1.625772227007598048e+00
-1.079704664727091590e+00,1.907676738930483396e+00
-8.249608414022800984e-01,2.695662705932534209e+00
3.286185878622445156e-01,2.902213471737775663e+00
4.521088279788985087e-01,2.317376178703430600e+00
-2.755988185516809352e+00,1.768870635697412652e+00
-2.073158195039327190e+00,2.122787824478244545e+00
-1.981834924560037070e+00,2.047878925844738518e+00
-1.716382363004025802e+00,1.900312688982649822e+00
-3.370572240136620046e-01,2.370491975275236030e+00
7.251565989742958518e-01,2.084922658784629235e+00
-2.737923976103616708e-01,1.828794106199909786e+00
-2.620413369062670306e+00,2.014348880479801096e+00
-5.087687658433287519e-01,1.908036406342211944e+00
-9.694787227037248156e-01,1.621345413563649585e+00
2.953605081480072947e-01,2.429664891727076448e+00
-6.442250417286081721e-01,2.211739289980825252e+00
-3.051022001704974951e-01,2.242921190419316257e+00
-5.979264750318846744e-01,2.143949020315129239e+00
-8.117870458759224306e-02,1.290270952625701462e+00
-2.133995808940471584e+00,1.697604232899523780e+00
-1.060014164873181119e+00,1.847323249359756003e+00
3.149419710453793542e-02,1.716812138402403320e+00
-1.388690545087833961e+00,1.814845306456403629e+00
-1.392679950286853874e+00,1.858048634079126460e+00
-1.537958759371803152e+00,2.441214179373181192e+00
-1.347836703292403460e+00,1.920653050476098134e+00
3.467874267797554921e-01,2.519439606086268491e+00
-1.336022250614638418e+00,1.782055470918277429e+00
-2.521987459365548911e-01,2.338580558786009789e+00
-2.074568872238997219e+00,1.771633765662526283e+00
7.435036471331255559e-01,2.192170959932189689e+00
-1.027315047455660491e+00,2.096625867497626583e+00
-1.234705177972707180e+00,1.617995433508359948e+00
-1.855407237450567681e+00,1.908341706384474756e+00
1.066996283630926357e+00,1.258940529109222828e+00
1.192843181878766146e+00,1.746191012567873235e+00
-1.845095408727362774e+00,2.101485468479413754e+00
-2.250638590433444275e+00,1.914319056337021596e+00
-1.202924216428594706e+00,1.443851149912641407e+00
-1.497236808444433853e+00,2.218471486803824444e+00
-5.153805024433757431e-01,2.146307418129830946e+00
-3.133467860935693849e+00,1.468582687864738112e+00
-1.819742159832340000e+00,2.073222040984810111e+00
-1.407816821656060480e-02,1.908795136627757794e+00
-1.491087079946016525e+00,2.080568983207550904e+00
-2.129953314798944675e+00,2.456588375633615318e+00
-1.742649493000377969e+00,2.494196040511153178e+00
-7.787886345484384965e-01,1.858683992933337414e+00
-1.215009068921532043e-01,1.693608393695633874e+00
4.563132291878055913e-01,2.043251496472562323e+00
-2.340072224047489158e+00,2.030538189165087548e+00
4.511404898479645098e-01,2.204595476421826739e+00
-1.649045105846420389e+00,1.400783367508132038e+00
-2.743692436402787038e+00,2.559719340127819986e+00
-6.160308129896399087e-01,1.969308084585013496e+00
-3.790777420703203004e-01,1.710715828979884723e+00
-9.421504262970130661e-01,2.070571987533159408e+00
3.595156456619492680e-01,2.075093712927376544e+00
-1.723058895417141301e+00,1.770497603726624458e+00
-2.445185927962910455e+00,2.698313379735570727e+00
-7.457558584380332700e-01,1.631022294619163926e+00
-2.025940723141810729e+00,2.214903323955514036e+00
-1.486239192847087942e+00,2.129654494691265665e+00
-2.096026224002560667e+00,2.190379256799694474e+00
-4.034216629496756301e-02,1.563718012700047844e+00
2.091388758716394847e-02,1.898418738870208511e+00
-1.415200565840006863e-01,1.942451371945431049e+00
-1.469648107607803844e-01,2.546814642069974433e+00
1.843811702208670855e-01,1.982300104390987361e+00
-2.927664958597818723e-01,2.173719008505484940e+00
-1.383696605788230505e+00,1.798549447120175726e+00
-4.648287856539297103e-01,2.199182782517425494e+00
-1.306164807869883537e+00,1.529845647570541756e+00
1.834746143486059022e-01,2.168561252225031932e+00
-1.437097950351686748e+00,1.890594381636702348e+00
-1.064260424057156040e+00,2.349222678227797179e+00
-2.827982523222598132e+00,1.836537255350340514e+00
-8.007221561961540557e-01,2.065968128906562118e+00
-7.721527670928008957e-01,2.742165784231726633e+00
-2.287871360723215952e-01,1.811120811805888797e+00
1.282278752664184562e+00,2.103301285060217740e+00
-8.601689318333430867e-01,1.753677588846157320e+00
7.863125049772001773e-02,2.022266864121623708e+00
-5.474108236289092488e-01,2.150167221064077872e+00
-1.696841983513040830e+00,2.141118955744500951e+00
5.021118219201794464e-01,2.172447173285811495e+00
-1.022632067019131119e+00,1.380168225773637847e+00
-2.157654974498262046e-01,1.986293069156356284e+00
1.421371966167526146e-01,2.382826475626202534e+00
-6.715945761926932489e-01,2.003497598853523520e+00
-2.681182961825535394e+00,2.278074658855217649e+00
-2.155012169346381068e+00,2.000609448268561685e+00
-3.577768387067122191e+00,2.374622245494815598e+00
-6.795900594194397293e-01,1.742575186934886444e+00
7.754682521315581223e-01,2.373486418062209946e+00
-1.354429089845130996e+00,1.963305794630576973e+00
2.943714084326354286e-01,2.193898623593721009e+00
-7.156178689548620131e-01,2.095745967958846379e+00
-3.423436725512915224e+00,1.878427311564883517e+00
1.068898476830465238e+00,1.659723796084183522e+00
-1.620406550025586201e+00,2.074049154474745915e+00
-1.961199447974831145e+00,2.444265570630700157e+00
-1.571134327802483410e+00,1.967799808993207833e+00
-1.161984865923978427e+00,2.184820722480095068e+00
-7.269173820897404381e-01,2.070101118465094370e+00
-1.411411031615131151e+00,1.621170335214832781e+00
-1.017903044914318045e+00,2.495376768570004344e+00
1.429561718813828097e+00,2.312930181668727769e+00
-1.272611998535926547e+00,2.184695644156894545e+00
-1.963284115747494951e+00,1.462524077090300523e+00
-1.442972086990991887e+00,1.783419003599095110e+00
-5.969554563334231734e-01,2.256182116915412372e+00
1.014751542336227441e-01,1.820524921141709385e+00
-7.359364066539014759e-01,1.766870535274714049e+00
-6.317699817274113894e-01,1.889237289088544269e+00
-1.907044025381722907e+00,2.000221711674214919e+00
-2.759487625570016256e+00,2.149331831706970064e+00
-1.846607715304585451e+00,1.672087219992520080e+00
-2.469262545298364753e+00,1.651400470514707841e+00
-4.649196748551890357e-01,1.647341316605780870e+00
8.587028375181022799e-01,1.448428808665022327e+00
-1.464930159678007326e+00,1.689330763711237360e+00
-1.299696759646760125e+00,2.157504858510027823e+00
-6.887526435373954037e-01,2.414466975187340214e+00
-8.491995071019322605e-01,1.947257612781565062e+00
-5.873369066800426808e-01,2.092599581931065877e+00
7.108749146756105919e-01,1.437442981579415413e+00
-2.334454621074750769e+00,1.112037526016768529e+00
3.502518533002452195e-02,2.007761688389463561e+00
-1.239568537412040872e+00,1.774824004816317524e+00
-1.324525620061813846e+00,1.775558835996147611e+00
-1.977836411405586858e-03,2.194501569372267813e+00
-1.082252019390944620e+00,1.580314482138378995e+00
-1.879379353851464929e+00,1.609706149080689208e+00
-1.675815834524412740e+00,2.346712164707499770e+00
-5.378260032337880414e-01,1.679169218140864173e+00
-1.838839537161958804e+00,2.270607515316617864e+00
-5.026341371220421905e-01,2.650803958165580010e+00
-3.581184750761508440e+00,1.449978835998541049e+00
-3.289767183589146216e-01,1.881965571238953361e+00
-1.966774806427067368e+00,2.100645604288963852e+00
-1.842702468454077813e+00,2.641321832538897851e+00
-1.450412058885099498e+00,2.051304363236285067e+00
-8.896093825668439647e-01,1.681447893035379115e+00
3.190917740158409899e-01,2.159488884676692866e+00
-7.210264631931484480e-01,2.231805251115223765e+00
-4.778653248628833561e-01,2.082294468356686856e+00
-1.155127847667241081e+00,1.459830953222312377e+00
-6.981874680494599694e-01,1.991083371407404323e+00
6.932908031776552349e-02,2.169652832074333126e+00
-2.772106429735422539e-01,1.906843831550082191e+00
-5.524917438650633894e-02,1.666189955516761856e+00
-9.632971324692967130e-01,1.559534404820251741e+00
8.489549263041384908e-01,1.437517219353719344e+00
-1.497848898924731831e+00,2.113371158045050269e+00
-4.825653997476522239e-01,2.368694694227375219e+00
8.200978027168970286e-02,1.879654113434171103e+00
-1.694465125479073908e+00,1.324088443906762391e+00
-3.079246121837213579e-01,2.369772306664660100e+00
-1.186872444608444876e+00,1.870560409906548927e+00
-1.537348593364086913e+00,1.848107815023719125e+00
6.446006844226597199e-01,1.634157073697773521e+00
-1.093757077196433558e+00,2.492213222229060499e+00
-1.043526273879943123e+00,2.012109052405569809e+00
-6.200898087374604462e-01,2.794541460996830651e+00
-2.840623706972381646e-01,1.514811199805444542e+00
-1.717250449720050254e-01,1.847178252554007694e+00
-1.261854202970206007e+00,2.310308016972382639e+00
-2.370794441257517704e+00,1.836519756676791237e+00
-1.170654715693335124e+00,1.799704416265179407e+00
-1.681762633482200009e+00,1.981852658172313486e+00
-4.516724973235042295e-02,2.485196113543514773e+00
-1.942529434231752727e+00,2.449301076560781443e+00
8.416588350410154629e-01,2.078306955957633928e+00
-7.673534681301296123e-01,1.876922652621824783e+00
-3.187081066627610593e+00,2.021824526739923744e+00
-1.352356623216497411e+00,2.470444619693817234e+00
-2.027741529134125642e+00,2.451649743052231045e+00
4.071377630077877008e-02,2.023826630582941544e+00
-1.129320988214665533e+00,1.207021944305506356e+00
-1.920851099707279852e+00,2.052405028724618941e+00
-8.655412787428979904e-01,2.077363784786114387e+00
-7.056372659364433808e-01,1.995284492745736271e+00
-1.849763546374940448e+00,2.055642589350342941e+00
-2.360967682715349625e+00,2.114983496018532083e+00
-1.030797428937770599e+00,2.014704645984141340e+00
-4.315946631691710556e-01,1.979563542068085713e+00
-2.378915379319361811e-01,2.286047759174962390e+00
-3.137404178301050450e+00,1.761246968959962356e+00
-1.067522398663266703e+00,1.769885149527907764e+00
-1.060242356029341693e+00,2.384174863868317562e+00
-1.620419388850774300e+00,2.428879795396240215e+00
1.396868673037295672e+00,2.548866257724544226e+00
-1.238336786776756515e+00,1.763922464747308627e+00
-5.145801496915638484e-01,2.338050557023535703e+00
-1.200544898357710943e+00,2.197824411228809893e+00
-3.806966870943803150e-01,1.822921756871679122e+00
4.164894792689908254e-01,2.093173055237697699e+00
-1.514021298165925344e+00,2.501651187967765200e+00
-3.272344572225514447e+00,2.039083044067984574e+00
-5.893661659819711129e-01,1.849297721419047802e+00
-1.903082879505334946e+00,2.867540672124244683e+00
-1.207873753975422515e+00,2.107028778617126008e+00
-2.655237413897373333e-01,2.401152816981025673e+00
-1.756371582825485334e+00,1.885354154243940483e+00
-1.224827533443459071e+00,2.206755021253119953e+00
-2.592604416959579439e+00,2.029484134007485174e+00
-1.690037822137385959e+00,2.179024981002578354e+00
-1.391622043353435423e-01,1.708767647006270041e+00
-2.080648102273217059e-01,2.596555266656156213e+00
-8.371280013222199834e-01,1.911971492346835833e+00
-1.351965118820994682e-01,2.047889771673812032e+00
-1.555536940195503259e+00,1.524661652431059000e+00
-1.280508743572498664e+00,2.135411968202320931e+00
-8.224849825545401671e-01,2.165648002386044269e+00
-4.344635680685036139e-01,1.663815288185240382e+00
-6.975434257433286156e-01,2.310950313682035073e+00
1.278566032381129425e+00,2.214090315980813184e+00
-2.547752074087166196e-01,1.457482836505866075e+00
-1.501552469356804531e+00,2.238127731710056079e+00
-2.017868190164216813e+00,1.904526821126645508e+00
-1.014485942308844368e+00,1.898682529613384018e+00
-1.336186074238783217e-01,1.609766282320083786e+00
-1.643397120333950800e+00,2.123047299693573642e+00
-2.354499697446204465e+00,1.383866752095116004e+00
-2.353517749004972792e+00,2.468041819916646951e+00
-6.309006950449354001e-01,2.237049990986582859e+00
-1.599190512465423541e+00,2.208545472466929560e+00
-1.946944988402467658e+00,1.787045705173174071e+00
-1.116181889584052511e+00,1.383937649722145391e+00
-1.191616232127689523e+00,2.154024302004528657e+00
-7.787367772769503427e-01,1.523436023689120900e+00
1.145209479672969266e+00,1.797211507022355326e+00
-1.373332163080369650e+00,1.636479339008213740e+00
-1.464512230395874193e+00,1.387626765373682680e+00
-1.511304038192856192e+00,1.987163526598565655e+00
-3.261660642545768374e-01,1.822083569213623022e+00
-6.946308714788089755e-01,1.943011913624344666e+00
-1.417264183713770054e+00,2.458430816101898841e+00
2.427226604495473783e-01,2.366638941751917358e+00
-3.067707315425253878e+00,1.848026746693955280e+00
5.920162555332169063e-01,2.322582149480882929e+00
-2.030711013337201720e+00,1.542380021219839970e+00
1.691098486436739545e-01,2.208845910916675592e+00
-8.455844368867998506e-01,1.334195028392873850e+00
-1.821961242896926736e-01,2.187632409745603468e+00
-5.953210650877074350e-01,2.391516929982561379e+00
-1.185527554354737223e+00,2.111840732394488995e+00
-2.457848611295617935e+00,1.766750449687200408e+00
-8.768435968123451385e-01,1.959924120533621084e+00
1.892994608309287230e+00,1.799810454699775075e+00
-2.283332864116082384e+00,1.850146361024485042e+00
4.436907833473158203e-01,1.606663198211009114e+00
-6.245371412704088243e-01,1.640688712935225002e+00
-2.681516840445688832e+00,1.713416649491284582e+00
-5.448686299697076407e-01,1.985449823824330773e+00
-1.089560642976770577e+00,1.880845400942010137e+00
-1.809668105269847116e-01,1.935986758437252542e+00
-2.989263286433796463e-02,2.444605588637974503e+00
4.632923005942088945e-01,2.082475057336226065e+00
-2.077222393952163237e+00,1.890871763179701848e+00
-1.249445331552148986e+00,2.471304181785185516e+00
-5.673185168031426029e-01,1.816559939933627410e+00
5.920149411153141639e-01,2.043780908088761450e+00
3.930498961508348543e-01,1.637509698615054798e+00
-2.332605065214023554e+00,1.947725597282191856e+00
-3.987173320559319611e-01,2.006738025144758186e+00
-1.142865562078826613e+00,1.807732848313347684e+00
-6.631182029937090494e-01,2.065439140005765672e+00
-4.445428648618816592e-01,2.287908098834962711e+00
-7.061877425352369730e-02,2.018317788254043954e+00
-3.639536129983900192e-01,1.909732821291671323e+00
-4.455289649338499691e-01,1.891728319305473027e+00
-2.280399494995897669e+00,1.960693532570048969e+00
-1.427807075738001252e+00,2.117772814156668737e+00
-1.536605040210446305e+00,1.805990076377006037e+00
-6.035185618235393568e-01,2.292043659087944718e+00
-1.631864642727749892e+00,1.590503770399169792e+00
1.342989677763757772e+00,1.489580276595401598e+00
-9.981729591984527250e-01,2.280837462225867363e+00
1.096033638816172218e+00,2.233367439152803779e+00
-2.195379056531006512e+00,1.842546814993017534e+00
-1.327787700345988586e+00,2.369753865805710458e+00
-1.286793114538811178e+00,1.495145442820041470e+00
6.958650677463087408e-01,1.513271969364839320e+00
-2.193993252072859335e+00,2.459881834812580159e+00
-1.096003839503709054e+00,2.221779677377852646e+00
-1.214759874503893000e+00,1.952510831508189604e+00
-1.358440134043989111e+00,1.994032322599123219e+00
-2.274064495357734916e+00,2.191409102021750765e+00
-3.019533516558255748e+00,2.814566768576434619e+00
-1.215283483422689992e+00,2.618991268226477764e+00
-2.369999440918856060e+00,2.471839673611781585e+00
-9.812615411947279709e-01,2.300644247080012139e+00
-2.286612897617452234e+00,2.454152309924926723e+00
-3.961485565284793564e-01,1.682023847591684218e+00
3.238021695852115744e-01,1.312816993440935498e+00
-4.303948817296167073e-01,1.628563598616952657e+00
-1.642670103186698149e+00,2.256777921610571003e+00
-1.983934480366988939e+00,1.851453082961951768e+00
-3.537363467746697410e+00,2.037052672233079953e+00
-6.780057135355740394e-01,2.110262275708882029e+00
-1.993247072008685894e-01,1.796816274287241999e+00
-1.798719455855246618e-02,2.467592569130436786e+00
9.063272668605140137e-01,1.981968810067074260e+00
-1.362885879702822933e+00,2.198449686764607058e+00
-2.182100192143669126e+00,2.668163549208600216e+00
6.775543137950501560e-02,1.921443213204518274e+00
-1.791943295704632622e+00,2.284958800065664430e+00
-2.046376672820167997e+00,1.805129595755359029e+00
1.473659797903703605e-04,2.305992887010253067e+00
2.860702247882644933e-01,2.287753957960361184e+00
-5.475499994704462470e-01,2.341569084379488963e+00
-1.060054265991641431e+00,2.016452799636127224e+00
2.917344145236233643e-01,1.798099158678262866e+00
-2.872306624333360592e+00,2.035327923408702055e+00
3.503949798640155766e-01,1.499314754806840178e+00
5.576568793801361945e-01,1.520554625719935382e+00
-1.839967220017778349e+00,1.931823781524490968e+00
-1.429049634106640099e+00,2.497867014832450216e+00
-1.828457332934833035e-01,1.766232474656158402e+00
-7.762965860990800326e-02,2.223171365043165704e+00
-7.845826859240608853e-01,2.099611416898534255e+00
-1.808365256179808700e+00,1.438412593989373711e+00
-6.917147289779850272e-01,1.641582274310734002e+00
7.199912689130698595e-01,2.817815775293586178e+00
-2.165552631959205776e+00,1.436653079301050351e+00
-4.158483336178743883e+00,2.337034740484676298e+00
-2.310330138791237609e+00,1.921346617955312253e+00
-1.264852100129036483e+00,1.964294268321075787e+00
6.430468127085799956e-01,2.077782356170280842e+00
-1.198248985062786209e+00,1.837558382519646649e+00
-4.333545585074654483e+00,1.950133245059397558e+00
1.255804357282513273e+00,2.334305058007009048e+00
-9.449590576605366721e-01,1.953405128155680570e+00
-2.329777201136868925e+00,1.793790217546174848e+00
-2.191934910695125360e+00,2.038465300509385347e+00
-1.005746521291202233e+00,1.967571588030945007e+00
-5.485713292191014556e-01,1.789658535576509335e+00
-1.601573745235107538e+00,1.682326136379182824e+00
-3.553516079992659726e+00,1.525213749770131688e+00
-2.500473468455767234e-01,1.928239810523109554e+00
5.143195781629437136e-01,1.878613213108006663e+00
2.093038046335744529e-01,1.853873921088129650e+00
-1.671325814573861646e+00,1.772273212406665355e+00
-1.644164521387208699e+00,1.862240162002320787e+00
-2.122094874823468924e+00,1.800411697638915065e+00
-1.888116957862630008e+00,2.139287469804157293e+00
5.005595350758809126e-01,1.750612532202596938e+00
-4.427527259761216971e-01,2.321302258753201286e+00
-2.713779495909708572e+00,1.974240498561521395e+00
-1.867431852050864594e+00,2.120609842632386499e+00
-1.720907341972384152e+00,1.972772402463651709e+00
-1.982333493189118112e+00,1.896355161219992480e+00
-1.588283293735918367e+00,2.205932779510376029e+00
-1.782697930336071268e+00,2.293522046713619478e+00
-3.195452495446198249e+00,2.361021384879173013e+00
-9.173017868537938213e-01,1.957928349458333717e+00
-3.851877867422867086e-01,2.140201314952840050e+00
6.840091202465226061e-02,1.885303659710912738e+00
-2.073458155579144258e+00,2.039352312355612984e+00
-9.306518319828580577e-01,1.723387316812638570e+00
5.526374223012875397e-02,1.985626756820603633e+00
-1.177961250008536354e+00,1.847102097594436110e+00
-2.313963079553720714e+00,2.299521900014348752e+00
-1.832656045507571108e+00,2.043181512267907340e+00
-6.813468942200535672e-01,1.546133038356909406e+00
-1.351138817007228710e+00,2.341037986671296256e+00
-1.231984380266917700e+00,1.996641991748077105e+00
-7.370568092502599589e-01,1.756028195929137725e+00
-7.301262858552004520e-02,1.709863418479151242e+00
-1.643519541657356697e+00,2.607598794389351493e+00
-2.902970665025832453e+00,1.912186589690296756e+00
-1.599744656154467481e+00,2.101135033594928370e+00
4.460365837883493167e-01,2.258733528063134433e+00
-1.164432631139597163e+00,1.886460480265186535e+00
-2.282816365343514953e+00,2.489774561181325119e+00
5.732739472779511125e-01,2.032579438371263425e+00
2.371604885147480246e-01,1.704440870744346359e+00
-2.650085674778179357e+00,2.125070160445457823e+00
-5.206750123287388066e-01,1.603146954944271840e+00
-4.534611486244983780e-01,2.594098345049816068e+00
-8.688033813002208339e-01,2.189391260934891115e+00
-4.359080942276950532e-01,2.359848855369184761e+00
-2.031387711227082171e+00,2.002499889773031505e+00
-1.350993025259721758e+00,2.238646460557366602e+00
-1.539706912654028148e+00,1.387525605183943300e+00
-2.575616558999807904e+00,2.231644041689041735e+00
-1.168666519535815906e-01,1.522670109040382247e+00
-4.169613273067915848e-01,2.163692183075188957e+00
-4.854799030825163175e-01,1.744239630712349109e+00
-1.010702582584097398e+00,1.343103363219338542e+00
-2.363797922980789501e+00,1.683558369527951015e+00
9.867656531291491007e-01,1.772119090728605961e+00
-2.638084212765862135e-01,2.136675087395055073e+00
-1.281072391991351811e+00,1.898802890329440274e+00
-3.312316283104347336e-01,1.951588488372792085e+00
-2.754410773966502024e+00,1.741059802591588435e+00
4.190657972246762952e-01,1.602290607920909160e+00
-2.070630343362878989e+00,1.645119449685014779e+00
-1.916821488399069295e+00,2.061519152589436743e+00
1.854272194397084128e-01,1.695993855519935201e+00
-1.001001026401104221e+00,1.182048385904256094e+00
-4.279023357990476839e-01,1.613069432484026899e+00
-1.349294002102271239e+00,2.480334259641030936e+00
-2.160965692705614671e+00,1.953988849298016417e+00
5.232392875060225546e-01,1.987278343605004549e+00
-2.389945388222085576e+00,2.164472559300939736e+00
-1.835705237173995474e+00,1.678791797592090518e+00
2.130654251547194900e-01,2.334039361389766754e+00
-5.891049234333733953e-01,1.850307819927021313e+00
2.873797319501143477e-01,2.065950934325849975e+00
-7.418706911417147776e-01,2.187699976371323629e+00
-1.688348152544865144e-01,1.924674685637223215e+00
-2.699083119832901279e+00,2.042472641203871841e+00
1.145563861634158354e+00,2.334556734393283151e+00
-2.097860647077719243e+00,1.652583809733438436e+00
-1.323355047368535375e+00,1.734222197379669428e+00
9.786397509946564988e-02,2.058108308360507621e+00
-1.566575422811682827e+00,2.046092164095262955e+00
7.209029116210337040e-01,1.377732523180454471e+00
-1.877277769473623570e+00,2.328437963059691196e+00
-9.127285853967124218e-01,2.278072894615609467e+00
-2.120045089777554459e+00,2.328996980900349900e+00
1.094107497708164622e+00,1.833354935927165696e+00
-2.310337771048594391e+00,1.871925637266897313e+00
-1.945404717821730856e+00,2.443341548606898339e+00
-1.540439280028222280e+00,1.975368658606919903e+00
-2.834196869667712448e+00,2.157130079857384253e+00
-1.806035440403352066e+00,1.679264261708570682e+00
-2.243308291654398268e+00,2.113277979376756210e+00
-6.613638016808818243e-01,2.593323884377363608e+00
-6.686870395758690577e-01,1.741453543136580295e+00
-6.272772179145627014e-01,2.102494878759468833e+00
-1.209918955145842911e+00,2.153537124763615473e+00
-1.681831655074008669e+00,2.089083941898436159e+00
-6.837679166123619146e-01,1.691813286590792220e+00
-3.445484280261548182e-01,2.175480650808836902e+00
-1.687511826364528122e+00,1.825363090592856619e+00
-3.284376325230704552e-01,2.125481692162067837e+00
-1.105222199643485448e+00,1.960271174318283016e+00
-5.689473718961657323e-02,1.914902922654958317e+00
-1.464894785055967930e+00,1.830288315481517269e+00
-1.251861856445689591e+00,1.992077480291376990e+00
-5.684510333429937390e-01,1.836218292024359933e+00
1.415240805178497485e+00,1.487879700374026282e+00
-5.629309432238145394e-01,1.722116707520761070e+00
-9.393926267519487894e-01,2.457263367440233104e+00
4.186065591803966868e-01,1.804913768703276133e+00
8.568605273244989107e-02,1.706555416706544648e+00
-6.901337842982622206e-01,1.521257550264210057e+00
-6.631540317297751619e-01,2.395689980931372975e+00
-2.213738808514021272e+00,1.596793519381284554e+00
8.237645944266103193e-02,1.762265795189776885e+00
-8.535308354897745975e-01,2.410025644320071159e+00
3.019399379329810174e-01,2.267666814543515041e+00
-1.346809317273997442e+00,2.180810779626453755e+00
2.108484779869266301e-01,2.288793067145850291e+00
-6.876638964627057593e-01,2.278258023064196447e+00
1.968087437758567759e+00,2.653232814388810645e+00
-2.080774210476458386e+00,2.090793232087086118e+00
4.444076882324288214e-02,1.968409974487671077e+00
-1.039271277387215475e+00,2.003414168253159211e+00
-1.965697271232072385e+00,1.869175094946746274e+00
-2.096397409030188008e+00,2.450119824326708606e+00
-2.039661960443178490e+00,1.665138601813794139e+00
-2.532101304034218181e+00,1.874635398213050586e+00
-2.596490639382346810e+00,2.677157362842526922e+00
-1.897012458120128642e-03,1.593930530531943335e+00
-2.582611567870503499e+00,2.953770011919389482e+00
-7.167055118765550681e-01,2.196136326384762416e+00
-1.342795176996267603e-01,2.088973991231357186e+00
-1.991698568930583280e-01,1.982478547485437614e+00
1.995080697821260962e-02,2.102141146958681261e+00
-1.402917547606763460e-01,1.557937550094081969e+00
-2.518651580205572671e+00,2.790494918006588776e+00
-7.584700353329287825e-01,2.089988438973785279e+00
-1.108671066754238321e+00,1.936478513887527120e+00
-1.380425360765493048e+00,1.921273506265267050e+00
-2.219320794119532980e+00,1.802061851298551343e+00
-2.164439512419481737e+00,1.995346621679292332e+00
-1.171536999624729347e-01,2.183044844407952656e+00
-9.634467543503369980e-01,2.346063811211079209e+00
-2.574812279086120093e+00,2.478968556875138951e+00
-1.806860942893993016e-01,2.384791560712420821e+00
-1.812263212579981353e+00,2.421148962770035329e+00
1.294192321655718292e+00,1.927291653140941641e+00
-2.099337565574908915e+00,1.855016952760618176e+00
1.665952000275505718e-02,1.546641980111729264e+00
6.342604986007041035e-01,2.074897178547942644e+00
-1.398631989473731352e+00,2.652415903596603730e+00
-2.518196127731918921e+00,2.405360823738372567e+00
-1.331739401600334105e+00,2.321282727904272480e+00
-2.052062351322296863e+00,1.805118112307088518e+00
-1.220281277265239606e+00,2.198007803433747576e+00
4.448003031892300285e-02,1.380160470890708257e+00
4.631590864691181864e-01,1.959822208723108750e+00
-7.582457938736434366e-01,2.173900214696122823e+00
-1.572796655734750804e+00,2.080110128505329836e+00
2.807490073523994933e-01,2.588800627168057478e+00
-1.694778290555932543e+00,1.721634082735935323e+00
-5.625350216512263746e-01,2.284121307461256301e+00
-1.082167553319481001e+00,1.755780975418890666e+00
-7.887131781783454088e-01,1.756493936273162637e+00
-1.047992519473050388e+00,2.135444056644775213e+00
-2.466156936582231118e-01,2.727605404838744363e+00
3.393674559591766116e-01,1.594562212315856264e+00
-8.749095955221100063e-01,2.141719812185584715e+00
-1.946278028714820696e+00,1.963173890285947687e+00
-1.583359789470557999e+00,2.027255857515383397e+00
-1.433938606082327594e+00,2.183604565348313820e+00
-5.547421606531199867e-02,1.858348825311408659e+00
-8.485438656253232459e-01,1.961093172010088148e+00
-8.531373135715358824e-01,2.058332897970083675e+00
-3.359644653202276121e-02,1.561206051575917630e+00
-1.143218439248189444e+00,2.037854569179732511e+00
1.318420968032789631e-01,1.852087390970391656e+00
-4.268239075965215568e-01,2.026507834585457690e+00
9.561831074631852445e-01,1.470289700743210082e+00
-1.820676857352628186e+00,1.195240009930182090e+00
-2.658575699838359618e+00,1.973382943523158017e+00
3.789934247191948380e-01,2.460245090566133719e+00
2.305452224761144198e-01,2.275241301584441267e+00
-1.908164921348544096e-01,1.733958513497908083e+00
-2.162378324884542735e+00,2.039695040820129979e+00
2.522141142223599530e-02,1.906331320531527540e+00
6.260420534109898405e-01,1.691001822425861612e+00
-2.096103980156759583e+00,2.159047987343525321e+00
-1.021538526338999109e+00,1.987520409624178974e+00
-1.567501374795585711e+00,1.504171217764266766e+00
-1.828826678181841414e+00,2.548471003119103795e+00
-1.143508191645912664e+00,1.815548165546724713e+00
-1.208084009476309895e+00,2.010878196177831256e+00
-2.539840106415494958e+00,1.990487634689924512e+00
-3.762196034778440445e+00,2.247491386266560642e+00
-2.342493722100162490e+00,2.211058536920397888e+00
-1.154835758357797282e+00,2.243918557682806458e+00
-3.817113789857675243e+00,2.317360044178722767e+00
-1.490245191341872610e+00,2.197747915512423766e+00
-2.370394208770343347e-01,1.660533035249935452e+00
3.810814690857078357e-01,1.680528468147080456e+00
-7.493447710363855263e-01,1.656411270227311494e+00
-1.413774088184311939e+00,2.306297834026424187e+00
-1.293770279996483641e+00,1.844795113874833969e+00
-2.325910652316794724e+00,1.902263155189181321e+00
-2.727586384667415764e+00,2.072940742356476296e+00
-1.956231153830823022e+00,1.364851464503337386e+00
-1.287115098878297559e+00,1.772434572126650565e+00
-2.519384524957906546e+00,2.161048395421796720e+00
-2.050659350036239559e+00,2.063897104092390133e+00
-1.487004387071870104e+00,2.146316864513031053e+00
-1.375106774197301540e+00,2.052158637799891494e+00
1.496923673059449289e-01,1.978179449073504514e+00
-2.370305746635804622e-01,1.606369641896126410e+00
-8.662988559418607348e-01,2.145300336468529245e+00
-2.375014943148634483e+00,2.060719623302563974e+00
-2.148345511483938708e+00,1.461727722068153046e+00
-1.573125127953646452e+00,2.456413779827899102e+00
-2.802546476961151001e+00,2.205752805996278543e+00
4.322557104379005644e-01,2.298621866555859317e+00
8.803181280298548739e-01,1.508663515181466463e+00
-5.734813032195769100e-01,1.428069559155532797e+00
-1.349124505703973576e+00,1.873311875186534969e+00
-4.535360109012173124e-01,1.756628787495105426e+00
-3.266238971163418991e+00,1.918316053321357906e+00
-1.720401503266423049e+00,2.316062778742381312e+00
-7.066190168875554622e-01,1.675208508676721664e+00
6.353156713068988104e-01,1.988530135389902975e+00
-1.330489275608246258e+00,2.672815234959880382e+00
-7.479596547937990003e-01,2.207964783778361362e+00
-2.032130142552498242e+00,2.237194265966563567e+00
-1.867266168163016271e+00,1.960284802842983787e+00
-5.261566668693935522e-01,2.432248427064183094e+00
-2.203133614389106043e+00,1.808684544585271059e+00
1.454859271573514246e-01,2.056291081026103473e+00
3.116542821573815569e-01,1.659939355661555149e+00
-2.293557653172662469e+00,1.743753677367547494e+00
-1.122199546588602326e+00,2.133256531542651491e+00
-1.374125268562064628e+00,2.190734762309623385e+00
-1.479893515487585853e-01,1.135988384044987365e+00
-1.763427392230235924e+00,1.660537945324795484e+00
2.489135453653725794e-01,2.073665954027915426e+00
-3.953135324913401583e-01,1.674393876134605552e+00
-3.696393091482895743e-01,1.902524494198282179e+00
4.806834986723200753e-01,1.825659506609324856e+00
-3.078804091409254040e-01,1.887086709905795523e+00
-7.954469144649756185e-01,2.479938126178946600e+00
-2.114605619502615053e+00,1.885210117571248567e+00
-2.197383062389441921e+00,2.283645712393109317e+00
7.464512473728652786e-01,1.980842898775798666e+00
-1.643969870871839545e+00,1.930969079995306981e+00
-2.185554347066881675e+00,1.835361064716171775e+00
-6.475808422625126681e-01,2.052879592832172584e+00
-4.622986880922993480e-01,2.444372639376756418e+00
-3.348025302375211565e-01,1.803731442172043620e+00
-4.868972950379138354e+00,1.529183666064910296e+00
-2.702494940449561955e+00,1.833911113043868113e+00
-1.800964459021104247e+00,1.381616085770965174e+00
-7.487184485009396040e-01,2.225274709329888356e+00
-9.442020599809817227e-01,1.497405811102066941e+00
9.622902564533846181e-01,1.750283131012920768e+00
-1.225800603821824097e+00,2.305651917003402218e+00
-3.061613954166494178e+00,2.054162569156258833e+00
-3.172027367655701369e+00,1.551564673132843852e+00
1.240680241090446057e-01,1.937371466664342678e+00
-1.640981133309513673e+00,2.422009960011368701e+00
-9.369524903706033525e-01,2.056488934994187279e+00
-1.568093004000881585e+00,2.391263029603005741e+00
-8.258463512563647413e-01,1.657988061784908762e+00
3.887740893170148482e-01,1.931254783751059412e+00
-4.601245931502850883e-01,1.718040848768476403e+00
-1.881101026985208868e+00,2.336937565219527446e+00
7.583243268107768831e-01,1.711140957543088259e+00
-6.828682343141945221e-02,2.176148344902749443e+00
-7.228940034297443029e-01,1.440577154530399362e+00
1.799390261383584377e-01,2.543589191903142144e+00
-1.417538907933080239e+00,1.853822396373865145e+00
-7.911086167277446846e-01,2.568676311170273507e+00
-4.470106761639728310e-01,1.719335638228232321e+00
2.003029313022035574e-01,1.769681838606345758e+00
-1.902516765049715453e+00,2.047370778962322113e+00
-1.820417853872814185e+00,1.978168649002338020e+00
-3.601630248164015002e-01,2.453654913181290365e+00
-1.901143842481775037e+00,1.808196277068438995e+00
-1.989208212036602363e+00,1.385957501736676090e+00
-5.716150203068224300e-01,1.903382819194482378e+00
-1.069883253736704010e+00,2.738345399989168705e+00
-1.576664488657513408e+00,1.833765608574764006e+00
-1.178646253845183844e+00,1.807600166844293810e+00
7.061659197692147227e-01,1.945515719220846096e+00
4.871374987237462317e-01,2.023361411341561666e+00
1.808645199992819919e-02,2.468931544564676894e+00
-1.576630607156384922e+00,2.173735419153744797e+00
-9.377596250884886464e-01,1.932189783711832254e+00
7.426235867372481536e-01,1.886772225897515698e+00
-9.533966460149959632e-01,2.407498071232280434e+00
-1.132499695806112427e+00,2.042297609428000538e+00
-1.393874337822612386e+00,1.615962579509927721e+00
-1.732113648830001740e+00,1.627541012084082084e+00
1.240905396517918202e+00,2.665745105916575319e+00
-3.177296422703418166e+00,1.810889748866435944e+00
-1.752752845125698844e+00,1.591744213659137985e+00
-2.557391231935496334e-01,1.966757930546827238e+00
-3.386925772219705699e+00,2.694091227634801466e+00
-1.172523597098457548e+00,1.692484871141805458e+00
-1.691349137318743256e+00,1.735307037708533784e+00
1.871538502662550840e-01,1.695402078417769687e+00
-4.446623988702270713e-01,1.785488743843393955e+00
-1.582889627834860313e+00,2.244136300564575581e+00
-1.572764631993563533e+00,2.158090731967616804e+00
2.013774814449386330e+00,1.898748917882073339e+00
-2.527714152286657523e-01,1.798661442754494910e+00
-1.570615771201784305e+00,1.749962448279913652e+00
-1.178783493449461206e+00,1.998883099474474845e+00
-7.761860236719233530e-01,1.799215129110653955e+00
-1.624633257942352138e+00,1.972464907134563683e+00
-2.867853967812902916e+00,2.240669964382009383e+00
-3.403563946877939950e-01,1.422392566476007314e+00
-7.371146216872290768e-01,1.467599527561655126e+00
-9.406128261907829025e-01,2.024305608657471556e+00
-2.158674559918170033e+00,2.219748459266166485e+00
-2.520581133322457923e+00,2.448149201495083638e+00
5.054736476943089141e-01,2.089442198330072387e+00
-1.192249026783264609e+00,2.000299348695331325e+00
-8.784104425984107234e-01,2.025008142848470083e+00
-7.162248599128493431e-01,2.055123173835626815e+00
-8.077673296095576605e-01,2.043470926618451866e+00
-1.059419437118802598e+00,1.250091126969141708e+00
-2.268223856135318961e+00,1.806456635097000385e+00
-9.778295348165418899e-01,2.223908036103465324e+00
-1.393457044459071481e+00,2.191948600360980492e+00
-2.465704480197503656e-01,2.426890460660321214e+00
-1.173716822907560742e+00,1.575851253566668442e+00
-1.840714475357980495e+00,1.535178173378509037e+00
-1.607030352020482278e+00,1.475813539520270279e+00
-2.046475583161013745e+00,1.895131619114430066e+00
-1.115796299272512782e+00,1.281868276650989680e+00
-8.627580784625303867e-01,1.916457555981097904e+00
-7.898716428066561157e-01,1.715478892890840878e+00
-1.660138971794948848e+00,1.631509083239869762e+00
-2.746203160468313476e-01,2.547579247809208525e+00
3.978077131724504500e-01,2.181115946214834622e+00
-4.669194213817503547e-01,2.104167271085064073e+00
-2.954623785909760159e+00,2.185194196627667118e+00
-1.030598829080927148e+00,1.673393659671351896e+00
2.566557371048174829e-01,1.930811745043550243e+00
-1.569234472051472817e+00,1.596886125799029443e+00
-2.239000124756194587e+00,2.635416225367550602e+00
-4.189690432893249383e-01,2.214134960417634801e+00
-1.252352755672928364e+00,2.071639686248329060e+00
-7.310661471457733374e-01,2.312020646196092155e+00
-1.865087707117760285e+00,2.191303719497528224e+00
-6.469102394116558186e-01,1.297720846274918127e+00
-1.471137703691989707e+00,2.228831719508467035e+00
-8.101819818444108146e-01,2.058481003412300225e+00
-1.339271399287027986e+00,1.895144968543897024e+00
-1.902884174737734302e+00,2.543605489384751728e+00
-1.364970543819382209e+00,1.727106455034740362e+00
-1.160399974086590458e+00,1.565753206668837993e+00
-3.785054917376408312e+00,2.455210091466397682e+00
-1.567512442990525168e+00,2.237174778524038565e+00
-4.291303593257467242e-02,2.347903775878605437e+00
5.501567412280423675e-01,1.731389062740052998e+00
1.148282036789693983e-01,1.987066182322414498e+00
-2.819774136916844975e-01,2.865512111135235518e+00
2.215933798992963943e-02,2.110328835584080132e+00
-4.238657213159352510e-01,2.352467893696646772e+00
-7.170152612949215465e-01,1.646645962022958987e+00
-2.604157589560348374e+00,1.893830621240952361e+00
-2.402475718684254247e+00,1.560993407109916298e+00
-1.227284112448466802e+00,1.240348158011809865e+00
1.676090995500867376e-01,2.019467313172932155e+00
-9.056637617545137964e-02,1.984574259652925887e+00
-6.880426301972972780e-01,1.726527020906493570e+00
-1.510563945061711655e+00,1.837904286402786802e+00
-1.208055230620018961e+00,2.103036269133819136e+00
-2.644281624776049222e-01,2.218155404957056209e+00
-2.701146655507911554e+00,1.928671513389074610e+00
-1.570358828575638688e+00,1.801802401160690126e+00
-1.074483872613180013e+00,1.570963160101863432e+00
-1.542395364782963574e+00,2.290404874799603974e+00
-1.145736991782807968e+00,1.917256200702246671e+00
-6.952442329601250526e-01,1.392024541866480725e+00
-5.429794968732557514e-01,1.703030040961646341e+00
-3.951048197486808800e+00,2.033004618948792253e+00
-1.736175990127850621e+00,2.403392266372614827e+00
-2.560428908719549757e-01,2.029747978906570438e+00
-1.561129188225320208e+00,2.542568084232731174e+00
-8.983055528182525284e-01,1.493680221613275405e+00
-1.762936012724728663e+00,1.860515921469116263e+00
-1.149332712224258479e+00,1.825398038329455908e+00
8.078976059518905295e-02,1.610061607831031028e+00
-8.507846165576318231e-01,2.018578459577031747e+00
-9.925539442557664849e-01,1.710456274895997941e+00
2.096912175914724674e-01,2.023949650847104209e+00
-4.952928924063724203e-01,2.285819377066756530e+00
-1.495021522828342331e+00,2.031731894318051790e+00
9.092394322872452417e-01,2.084139361806349733e+00
1.444571553181295265e+00,2.415980643168496922e+00
7.180878990253134475e-01,2.276970734347788294e+00
6.512291355761590239e-02,1.712160746550449586e+00
7.424604636359699583e-01,2.601318753630308844e+00
-1.285977128597392882e+00,2.268960292445207028e+00
-1.028200621469684828e+00,1.931884273722462186e+00
1.735018889705353118e-01,2.249896956158084826e+00
-1.738830492479463974e+00,2.313435194238984138e+00
3.976292041234648078e-01,2.174664579418095212e+00
7.052924869010852582e-01,2.528879210475985850e+00
-6.435786304283233061e-01,2.274258378818206694e+00
-4.521606937069235777e-01,1.967496440314800310e+00
5.567273517101545277e-01,1.717882430074675781e+00
-2.424903752765219522e+00,1.335831283659738800e+00
-3.350141214841715787e+00,2.023866832517120518e+00
-8.613121619043253574e-01,2.028027060937597437e+00
-1.247746190575588887e+00,2.178646212446743391e+00
-9.375409299132985153e-01,1.572416768969919332e+00
-6.626696094819575222e-01,2.217014966793692032e+00
8.585780197629890864e-01,1.799060089123949435e+00
-7.964135625576092004e-01,2.121805180764366749e+00
-3.566709866506165838e-01,2.771999726340889758e+00
-1.158781972826582241e+00,1.824608120210956308e+00
-1.843735654805544577e+00,1.791616050353601164e+00
-1.312080592333441320e+00,1.992414090249322811e+00
-1.397869633905296505e-01,2.227072709000245343e+00
-2.122421912584784742e+00,1.497902594901589168e+00
-1.320568885038408080e+00,1.349529197152426363e+00
-4.374661112303307453e-01,1.746821600185422430e+00
-9.184946771338200477e-01,1.677428360125500451e+00
5.697775812174612486e-01,1.725998924211553431e+00
-5.885241249308791334e-01,2.470555242491215164e+00
-1.947576583420148610e+00,1.933840357233365337e+00
-1.693678145771907673e+00,1.653403368744231772e+00
-1.673658950434611548e+00,1.930310605565020987e+00
-7.054616251155432227e-01,2.142177095075610715e+00
-1.325478630634350896e+00,1.700808306350757082e+00
-5.023568981256953947e-02,1.594482832956313434e+00
1.070430115651083813e+00,2.331177116608133648e+00
-2.983698175111980877e+00,2.375450665539580619e+00
-2.327689256503663984e+00,1.832960171785419812e+00
-9.061521604944239305e-01,1.952779863187009690e+00
-1.262044324830096764e+00,1.359807378649510401e+00
-1.762845337065928497e+00,2.245768777423799545e+00
-1.153252144433825732e+00,2.085207245455183322e+00
-1.535200407774804710e+00,2.152153070540080648e+00
-1.978708085589073074e+00,1.843175963934410078e+00
-3.504491139645696807e-01,1.800067721180829805e+00
-6.851945132228431934e-01,1.449782432766174356e+00
-6.674364997660311438e-01,1.346788028119420444e+00
-1.372530887273236244e+00,1.961802832060440149e+00
5.394211500718242291e-01,1.928338331226360447e+00
-2.845881363551183263e+00,2.162766316118152066e+00
-1.660084471525381300e+00,2.582555326263234807e+00
-1.960120244294305536e+00,1.711448744178824866e+00
-4.368009554367470182e-01,2.500306257562775691e+00
-5.791312030508606323e-01,2.379602669956974559e+00
-2.884460633579925215e+00,1.789355865407075807e+00
-2.421741471682169689e+00,1.985244434877603936e+00
-1.117535433264572609e+00,1.431440548197499663e+00
-1.252175790256367272e+00,1.981419607271162731e+00
7.106950325564249660e-01,2.159841396946944325e+00
-9.773236546826125082e-01,1.222425237187008129e+00
-6.922608702820782778e-01,1.870001239083000755e+00
8.115232550782434107e-01,1.745017341174273540e+00
-1.186284262062871520e+00,2.214082200915543197e+00
-1.894747369594573794e+00,1.753936982458788929e+00
-4.159887227427480072e-01,1.514413652644713393e+00
-1.076977473582891642e+00,2.234219243359956586e+00
-1.348084317688406308e+00,2.196670821265739981e+00
-7.798010706342317633e-02,1.673668869174756324e+00
-1.629125680912362650e+00,2.139504984461594983e+00
-1.626460995370820228e+00,1.748710929198776576e+00
-1.494356595532650545e+00,1.279555531296586501e+00
-1.563545714030321943e+00,1.932492737432028651e+00
-1.701699088477444111e-01,1.652783016684200579e+00
3.763262606793693621e-02,1.851407065612567404e+00
-1.903169467738459852e+00,2.035390415639464212e+00
-7.009883452717354801e-01,2.170164416664303708e+00
-1.675144517583726733e+00,2.543771771362054235e+00
-8.864580508324078068e-01,1.926274951772623867e+00
-2.400357074962720105e+00,2.045081277101406858e+00
-9.907716834452710009e-01,1.549100429827505732e+00
-1.758305799122177770e+00,1.841809106011242259e+00
1.151875053197278564e+00,1.764235292079469497e+00
-1.308410646003465683e+00,1.879772707751081295e+00
-1.315636508451812681e+00,1.695712257695167979e+00
-7.842628609533290884e-01,1.817401066707386326e+00
-1.001644377041750689e+00,1.816248396358426387e+00
-7.178707045528882613e-01,2.111288711329212031e+00
-1.289932749917025001e+00,1.709317382716449396e+00
-1.129957133510518741e+00,1.526031758233239888e+00
-1.160285735497389670e+00,1.680246445417204582e+00
8.683259219379628746e-01,1.811973864018345370e+00
-2.437266776388942180e-01,1.350681225952556908e+00
-3.490754010724701040e+00,1.906199611064780530e+00
-1.314886102539412738e+00,1.886643489005323859e+00
-2.427779134197090904e+00,2.199117098089085065e+00
-9.906261703953531672e-01,1.998125522490979522e+00
-2.271079141085777131e+00,1.326467397606087006e+00
-6.448292886464856988e-02,1.852082148439084364e+00
-2.093313379617076198e+00,1.916217312074886658e+00
-1.979943063049565577e+00,2.212615434151362415e+00
-1.216678159258443248e+00,2.246901358801360882e+00
-6.661442990894472782e-01,1.972903374840644375e+00
-3.238217606142221872e-01,1.947864540506611952e+00
-2.101062960298090587e+00,2.363471070895586390e+00
-4.306121952698256372e-01,2.264686064335014848e+00
1.068861873701902887e-01,1.791361528126138136e+00
-2.288494305912005977e+00,1.751385426566974379e+00
-1.913006004255116466e+00,2.244561601115048433e+00
-4.633433798735805409e-01,2.812349349388384212e+00
-3.745980706865988275e+00,1.822947513952917431e+00
-1.696775017441953803e+00,2.486323071927188710e+00
-1.043166590049902309e+00,2.312840873137723907e+00
-2.514174812449005536e+00,2.074308123824351924e+00
-9.617332604224789749e-01,2.165381430801979423e+00
-1.452968690538458452e+00,2.338937172066003711e+00
-2.827350451135104414e-01,2.364258378569666696e+00
-1.104772237107701116e+00,2.002358842635719061e+00
-6.739613518688297722e-01,1.459725766167148109e+00
-6.130716415855590462e-01,2.043585690970801672e+00
-6.356784587316592905e-01,2.167176472447757796e+00
1.021787818382714708e+00,2.118883037972476124e+00
-1.609087756945283054e+00,1.904282387360102913e+00
-1.071560506471706420e+00,1.830634087564901202e+00
-3.732557868877205420e-01,1.570814076447639263e+00
-5.384042377382920463e-01,2.077018907160288919e+00
5.207938626365455903e-01,2.139387313132270041e+00
-4.702870932183950137e-01,2.170752441299255597e+00
6.396639177376255425e-01,1.934995236036904487e+00
-1.072729413940648691e+00,2.084770748414252584e+00
-1.748758476934290984e+00,1.887941459294046442e+00
-1.579468358980162135e+00,2.112064254402638674e+00
8.536134937781940657e-01,1.355166792371526707e+00
-1.238275583510991762e+00,2.304421584499376952e+00
-1.202494535346103177e+00,2.678659960744462332e+00
-2.511234250891070552e+00,1.996062409366258228e+00
-7.725505733362657557e-01,2.105048674402153264e+00
-1.671613026980757422e+00,2.208614736435424053e+00
-8.850430830410919159e-01,1.867241424812625450e+00
-3.392765643668007591e+00,2.227221532285284411e+00
-2.237369971693978776e-01,2.260906785126332696e+00
1.485839944765274812e-01,2.401889559875279634e+00
-2.389526760783081016e+00,2.325569326011533988e+00
9.572351034034154438e-02,1.914639587291747658e+00
-1.556197743536861466e+00,9.072446272020486813e-01
-1.929848143319451648e+00,1.732399132506560857e+00
-4.740540674075681693e-01,2.007024960466823327e+00
-1.046559299733205606e+00,2.300325858496774067e+00
-1.599226827062799394e+00,1.845309015406574771e+00
-1.907766414171738756e+00,1.907442011146194716e+00
