7.021933035436684900e-01,1.036698687040276345e+00
-8.039053120004596709e-01,-8.085280941776308294e-01
1.172225968193810308e+00,-1.795363036039291815e+00
2.440312276187796836e-01,5.807418007433940987e-01
1.212097293182909929e+00,-6.414845929016086412e-01
-7.942210490250511956e-03,-1.936986582715567895e+00
-6.358960666257774674e-01,-6.422916773619227193e-01
7.701520126151248924e-01,-1.485045889236625394e+00
3.602715178263882767e-01,8.448881735001387838e-01
-1.907160910265008447e+00,1.598253160300456610e+00
-8.254364774024668394e-01,6.286126240241041163e-02
9.173363845038714492e-01,-2.154966454072448023e+00
7.352750794688354130e-01,-8.220721181773322783e-01
5.850683324453623824e-01,1.693211691548943243e+00
-8.249120233581356265e-01,-1.136108614483537727e+00
7.034820361224558560e-02,3.255638737257616766e-01
2.074168558588268541e-01,-5.071853105920712812e-01
2.051674027051356486e+00,1.719159057110383859e+00
-9.820789174761112017e-01,-1.197600402968633515e-02
1.321568342158534470e+00,4.492166309768979016e-01
3.219563897049202983e-01,5.753492525609027464e-01
5.020931862349746755e-01,1.923428579198698252e-01
9.472800233216710497e-02,5.106564550481819120e-01
-1.356539666787344167e+00,-5.368892058782517296e-01
1.987229658071209271e-01,1.795363287584741396e+00
-9.749915129058049912e-01,2.159083184679893463e+00
6.710764357878762354e-03,1.396823344280518020e+00
-1.150525134172974084e+00,-3.793465468627826853e-02
3.389536790345085704e-01,9.594457189137567399e-01
-1.551068671076653249e+00,-5.148269752451575254e-01
1.812082968539441286e+00,9.371828780299880091e-01
1.375799489505556972e-01,5.753537956572821743e-01
6.928798779044045286e-01,5.736585663399379476e-01
7.158134784562797392e-01,1.506781412500053374e+00
-1.565863797480022246e+00,4.631011411343034512e-01
-8.872110775393354798e-01,1.660263266544739769e-01
2.209031733609396198e-01,3.473440507882785688e-01
5.382301938765339244e-01,3.433166500506429353e-01
-3.422258605738438542e-01,-1.226719144734899070e+00
3.512867767543127462e-01,1.130601584462861964e-02
-4.595873709803112162e-01,-3.395597418005966706e-01
-5.802617098934375051e-01,-5.170955684380186268e-01
6.441323958861322474e-01,1.049601000889455182e+00
3.904132636986577531e-01,1.047598216642775804e-01
9.156990461360012823e-01,-5.923563181679777356e-01
7.925447577793987008e-02,7.608687881392012242e-02
-3.328306566552754475e-01,-1.391362445799895486e-01
8.086653305801317915e-01,-7.626193047136720082e-01
1.229608633278980623e+00,-4.516310997594114029e-03
-9.643310564647776806e-01,-6.805662424584871806e-01
4.795177621430188886e-01,-7.914095709792310362e-01
6.594401402258565081e-01,-1.126139449194756947e+00
1.150092834483682047e+00,2.049824702609533145e-02
1.469012993119836796e+00,2.740474896553158901e-01
1.773450313107740595e+00,-6.847102734273226021e-01
1.956987960918327829e+00,4.487909373746961084e-01
-9.599535366381560797e-01,-2.155222812428877754e-01
-2.393198489286931796e-01,1.724922874381024096e+00
2.397075267730463644e+00,1.196959431038528976e+00
-1.374502196494177486e+00,-7.134129615130235802e-01
3.223264448220186651e-01,9.833635288400591201e-02
5.168553137382789764e-01,-1.783068806288167218e+00
5.242909068455778865e-01,-3.717514030952624449e-01
9.085584870146603542e-01,-1.475809546044768439e+00
1.843523778094011689e+00,7.089027629898749794e-01
8.763040836729608651e-01,1.286795174255631169e+00
-2.103035178272689709e-01,-4.897934895247013642e-01
1.500999565101144739e+00,-9.929515820297064588e-01
1.914107158332471137e+00,3.051222918308222010e+00
3.947455695124322261e-01,-1.318256956409656899e+00
5.424865599497276092e-01,1.041030742985045610e+00
8.794222025495461725e-01,-3.053265900827943913e-01
-7.893536402045967515e-01,-1.238430705610247928e+00
-1.191647542526012238e+00,7.668385775610544464e-01
-6.630319049609193494e-01,1.641421641033486978e+00
-1.603723968053485383e-01,-1.014326328241553998e+00
8.499028286428927936e-02,-2.089628290221539342e-01
1.047018237726252687e+00,-3.303278563480127605e-01
2.389152254472871384e+00,2.660711066892312848e-01
-9.698036123109378126e-01,9.780786150224259068e-02
-6.803485850163576432e-01,2.528765206465821702e-01
-5.730804260372551751e-01,-8.766119315116530641e-01
-9.545545671024223688e-01,-1.275621091568894583e+00
-2.169030781002599939e-01,-1.089057136908572199e-02
1.763601802246399508e+00,-9.123902740333575401e-02
-6.603596965911401329e-01,9.305686310355344437e-01
4.820724537148473043e-01,-8.433062358579832551e-01
9.870930955417644981e-01,1.153765285351987524e+00
8.835744453393190589e-01,-3.281142771276537307e-01
1.995709043086878243e+00,5.650889691516803870e-01
-1.290120031185946203e+00,-1.428340624178789042e+00
-1.638531184882905389e-01,-5.656801206724715314e-02
-4.612407414759251090e+00,1.832139017795805680e+00
1.355147953628967672e+00,-6.897044164702028635e-01
6.597534929302657503e-01,1.315496474867558385e+00
4.791077345134191479e-01,-3.580344732391542717e-01
1.960117124441508041e-01,-4.040632113366127154e-01
1.726062376040434998e+00,3.252995170010052062e-02
6.398315127142216729e-01,-8.652381760770927466e-02
1.104252802020385671e-01,2.706283661768797977e-01
2.363860469197713421e+00,1.373210531663542788e+00
2.053775437990920327e+00,1.636013218270956360e-01
3.762831147954093236e-02,5.133168694194105708e-01
1.399546465866461364e-01,-1.016262300634758753e-01
-9.372295332475998331e-01,6.148469144668715636e-01
-8.100374709214887003e-01,3.127049596314624980e-01
8.581874080130844629e-01,1.711586527374694189e+00
-1.197947595549234912e+00,-2.525154019031300212e+00
2.035731767586415497e+00,4.626293554054631274e-01
-1.801912209578466317e+00,-8.568509100697069281e-01
-7.401115895303697068e-01,-1.711300501748418190e+00
1.033190610121002662e+00,-4.119701146181381501e-01
-4.674029866108574405e-01,-7.826247375398146522e-01
-4.808383721312468051e-01,4.537015647872010282e-01
9.103530649170757938e-01,1.737153379118951513e+00
-1.110358474567574749e+00,-2.308205651085895038e+00
3.637581002740329916e-01,4.954801367639891652e-01
1.658756442717859603e+00,3.351578542954329332e-01
3.904366719213839820e-01,2.143019988028812772e+00
5.077011334955403576e-01,4.721862281534158212e-01
-3.055373681829592902e-01,7.534911152776180288e-01
-2.616126517671750751e-01,1.592668849190497893e+00
4.613463254796252300e-01,1.726234697165795140e+00
-5.517215324967184031e-03,-4.086780889148126095e-01
9.261382018124407756e-01,-4.574173562768140133e-01
1.209720999546954001e+00,2.223904406741324280e+00
-1.475660376391898509e-01,2.690464117697626278e-01
5.020991653286136502e-01,1.053666083841779733e+00
-1.325643378259363292e+00,-1.730920636299080051e-01
-1.572216926704713469e+00,1.519604154547454566e+00
3.981565187177943388e-01,-3.744721042652023879e-01
-5.535072086150422122e-01,-1.979256043373225804e+00
-8.540956641680014227e-01,2.075698832464242471e+00
4.540385363595190737e-01,-7.112081049084129081e-01
4.159991231395686051e-01,1.733228191090999126e-02
-1.015642954291263500e+00,-9.331471294082166468e-01
2.007646195034443970e+00,6.642333365463197747e-01
5.693687358618335637e-01,6.328681201581431992e-02
2.396522959818966347e-01,-1.757262918070474356e-01
3.020782492059387314e-01,-4.908661392540758506e-01
6.082717837741180578e-01,1.630366631142125655e+00
-1.872118988650925964e+00,1.359030775459829865e+00
7.356086204982641430e-01,-2.721343781939118411e-01
7.793652092281113664e-01,1.702060643651587823e-01
3.734473683376394959e+00,-1.038754814193414866e+00
-7.608984908955161997e-01,4.882177698229531737e-01
2.146424372718157336e+00,1.887853289614815355e-01
-1.009302799501431425e-01,5.762174079378474811e-01
-5.374933096482679140e-01,-1.184180488526577424e+00
1.008961268843605819e+00,-6.328971064688510006e-01
3.194613027764109936e-01,-2.912526757824218659e-01
4.883138840424052218e-01,9.476537704801013540e-01
-3.094037568160531437e-01,7.540833811337007697e-01
3.875593556459582256e-01,4.446866905751025723e-01
-1.378453240872868912e-01,-4.743052199137205438e-01
3.485727866714052881e-01,1.579100408064963545e+00
-6.797678191882651211e-01,-3.087318052116406752e-01
4.041502836294502132e-01,6.017779551968590601e-01
1.784813979817208462e+00,-3.818983089013313625e-01
1.754232484590823926e+00,-1.373787121613085249e+00
8.607630844848404017e-01,-4.468623284280528463e-01
-4.924585787262586445e-01,-1.794048482637290443e+00
1.201122530909243480e+00,-4.959383025583099514e-01
1.370178331885131495e+00,1.433229207881069334e+00
9.567727847557150334e-01,1.018639403236776264e+00
1.004559810129111330e+00,-7.020356609061418895e-01
-9.344925666115958540e-01,3.289010449644516054e-01
7.311346533939280246e-01,-1.213004707329198295e+00
-5.147552740115634018e-01,-1.353293552979135450e+00
1.737740273291364712e+00,-5.095678268101062613e-01
4.292155084005775389e-01,-8.020379643566680206e-02
1.632801200291480015e+00,1.850971913652298628e+00
-2.780016323419175484e-01,8.966222204975846655e-01
-1.338043742814726267e-01,-8.296465928850513261e-02
4.587482271314668458e-01,-1.062837685684295597e+00
3.821202639780004739e-01,5.569305915883777658e-01
1.228328334287310142e+00,-1.606350898973097019e+00
5.571916167101970130e-02,1.343648847206427299e-01
4.451489275579632587e-01,8.606998632067617283e-01
1.269665793948493437e-01,1.028765032832997584e+00
4.361973047821289806e-01,-2.868743455052583102e-02
-3.898193142883046303e-01,-4.516438614572593213e-02
2.187546553786007264e-02,-1.151717497907149002e-01
-7.712716897327459575e-01,6.265542939048773796e-02
7.278807860900871063e-01,4.070715332944475628e-01
4.944224931464158423e-01,1.733257173155352993e+00
-6.830041278829696028e-01,-3.171458838533546265e-01
6.261813934555336969e-01,5.278437711271244392e-01
-5.110392354667142589e-01,1.636571743635561460e-01
-3.416008174806813846e-01,1.331873094925494216e+00
9.076578047044958630e-02,-3.865009664849954341e-01
-2.380867173083992760e+00,-1.307257626923819804e-01
-4.982172674141392976e-01,-2.198385616273955456e+00
5.695218621205866416e-02,3.226306784182990384e-02
-2.585928228805097762e-01,-1.169927740962971141e+00
8.836938301221015646e-01,1.198398811752215964e+00
-8.286890205308318214e-01,6.048130766794420632e-01
3.800915443093826340e-01,-8.294675920935540292e-01
9.728328227132327921e-01,1.178622814060103607e+00
-5.999700898210782452e-01,-8.426734253242041950e-01
-9.214967574490414703e-01,-1.143257397625081939e+00
6.724173540148453698e-02,-4.662446044778735255e-01
6.989454635484499967e-01,-4.566503857353763074e-01
6.128521040458144720e-01,1.618457120714781317e+00
2.987130341079637930e-01,7.502135533543980994e-01
1.112939964048651031e+00,4.820246328617796561e-01
4.934322339113239031e-01,3.313228975739106463e-01
-1.597918317881072969e-01,-1.895013623262036928e+00
-2.533337498782118891e-01,-4.633938141848340520e-01
6.702056829627465184e-01,3.646196328411729359e-01
7.142589156923698779e-01,4.851576492369564786e-01
4.455205965427897485e-01,-1.796422374615713524e+00
1.381524092505957535e+00,4.825794078269304288e-01
-2.726804918633637387e-01,-2.902563151922856743e-01
1.637477637593023783e+00,2.320874455465356812e-01
-1.122326611940020147e+00,-7.267670935617709382e-01
1.566591546995992790e+00,4.164888270240314494e-01
1.795043421507027115e-01,-7.789632126175392024e-01
-8.839850039627117351e-03,3.286863363737664301e-01
1.548446106423908120e+00,4.052974783768463762e-01
8.747640288014635335e-01,1.598058880042360963e+00
-2.331176925162230518e+00,-2.479934180325255311e-01
5.032067303156294580e-01,-6.905045487287866934e-02
8.821758876044372144e-01,3.072909151688162366e-01
2.128450287431403076e+00,-8.330565872819339912e-01
1.423704797826016222e+00,1.122671143564576701e-01
-2.098827433501436079e+00,4.411330406740573418e-01
4.044867998026234757e-01,4.274280654301441107e-01
2.978177491715279235e+00,1.740569478429127848e-01
-3.775480054981295019e-01,9.424378795012720023e-01
2.618545415539993426e-01,-1.304117349009246807e+00
7.517195642944336509e-01,1.452242724665172791e+00
4.013531413318565666e-01,-2.105624167206149311e-02
2.107399827340207032e+00,-6.404394157623165551e-01
9.574673240007144370e-01,-1.604780178406090829e-01
1.745968284919670932e+00,4.630496145026429256e-01
1.097241256501908513e+00,-2.383347688920808061e+00
3.289918320824035680e-01,-7.652705974016347223e-01
1.658155183810270661e-01,-9.740193010943819507e-01
-2.092818240298176313e+00,-1.363415288356226274e+00
3.648756846173080715e-01,4.029666364341263213e-02
2.855330387001210335e-01,-4.040519531028090583e-01
7.853084148306532786e-01,8.883137446210917498e-02
-2.326562772044388216e-02,-7.606652376177344133e-01
5.382824920095226062e-01,1.032861624757060115e+00
3.304290135591810840e-01,-5.175469220757149547e-01
3.953977512769324409e-01,2.063452011749505211e+00
-9.482264236334289054e-01,3.039845357564866513e-01
-1.487570013989751860e-01,-1.167866884002481676e-02
4.883913688273295306e-01,1.395373643383840623e+00
-2.057216385175273388e-01,8.839288700571130697e-01
-7.804271672065302701e-01,1.720205538136779566e+00
-1.418649927367905406e-01,1.259692126180245397e+00
1.350102663644282330e+00,-2.542452360954954305e-01
-1.051929286193654889e+00,4.245340293654490393e-01
-1.015242124017293524e+00,-1.687230103394443459e+00
9.783498282079376995e-01,-5.746080799912084425e-01
5.197341941587649838e-01,-1.090919365518244977e+00
8.216287680750029576e-01,-1.692867167976139342e+00
5.347734715860888999e-01,1.249247559819298026e+00
-1.809023474458626435e-01,-6.513748202003838417e-01
2.469053283176169955e-01,-1.087498203432204491e+00
-1.657687035995512037e+00,-6.703156420277254224e-01
1.356539982249638232e+00,-1.063072584424097355e+00
-4.350822404057552717e-01,2.419948143100986382e+00
2.266148566119176866e-01,1.820486678700554251e+00
7.843021899773144900e-01,-1.424048516322013569e+00
2.645357543449774473e-01,2.256738998364880455e+00
5.541936806894371959e-01,1.391988570772649814e+00
1.732798789723529964e+00,6.092714773288763208e-01
-1.952025049443462112e-02,-1.033808308944913490e+00
7.231436076809475422e-01,2.415766307786053058e-01
5.480688181881920862e-01,1.093480543162977714e+00
1.414925033070437266e+00,3.240616083697753780e-01
7.478903761393490557e-01,-9.254486419250146367e-01
5.565345815165398946e-01,-7.671833419022446865e-01
6.099630886469398217e-01,-5.973044542802846690e-02
1.548450142272374652e+00,-8.631321199425522339e-01
-1.744486087699219645e+00,4.437382041662399912e-01
8.480750666404831550e-01,3.763473767837888229e-01
8.153034419492991569e-01,1.092218664841581033e-01
4.885037386290546624e-01,7.749634222078396473e-01
-2.128935762014916300e-01,1.002236300668022606e+00
-2.354148234281731034e-01,7.133916416479268996e-01
-1.372988980460797315e+00,-2.024050667128073133e+00
-1.886725362522085891e-01,-1.409646449430951298e+00
-2.540139208219988065e-02,-3.521047818407647689e-01
7.306543510953994458e-02,-1.115827309748334883e+00
1.563201121253860570e+00,6.556266826989479712e-01
-1.053500443227037842e+00,2.075888975338856524e-01
1.570028810790722318e+00,1.103909303763729755e+00
-3.965804504963014177e-01,-1.930516834427692674e-01
7.956368458135487653e-01,5.740851743117119099e-01
-5.519556210358783632e-02,1.128733479752984104e-01
5.123801017398137425e-01,9.342446741392781973e-02
5.646491069722276990e-01,-8.114577067144329581e-01
-1.583937719411985690e+00,-3.326206908262371087e+00
1.566833314855106352e+00,3.761182490109565846e-01
1.334245056330268797e-02,7.114374197343134587e-03
3.314624920499564253e-01,2.722108404280276783e-03
9.052174328539464021e-02,1.835345390713950087e+00
1.339822646430343989e+00,-1.471879857715295559e-02
7.718274018586892549e-01,5.732912261075652216e-01
2.553566982213891778e-01,1.281332328284368882e-01
1.145531783632970146e+00,-3.413559894121416249e-01
5.236377166760742830e-01,-5.483479948614083943e-02
-9.590484175673995582e-01,-1.492788969161382928e+00
6.911966327153949985e-01,-1.647808652615896374e+00
2.964559921619435157e-01,1.329809632229905114e+00
3.255938094370164348e-02,1.656585726954720172e+00
5.933794517703105953e-02,3.593863163185853082e-01
2.506375344352176349e-01,6.681193891312809940e-01
1.904318437632710470e+00,9.226348772759236372e-01
-2.457522544066603754e-01,-9.869942630207561018e-01
1.208936491763438648e+00,-5.140294619828130740e-01
-2.321593069416851396e+00,-1.525067127324586824e+00
1.350681551342981734e+00,-1.201044162246464264e+00
-5.244016927815940976e-01,1.729875858618241669e+00
1.953836365127399333e-01,1.098530615436795754e-01
3.663685243893193277e-01,-1.783804561558886004e+00
-1.094255298999027293e+00,-9.298084089382575579e-01
1.612228311859327246e+00,1.494521975711986306e+00
9.544581423890843297e-01,1.996481887415030965e+00
9.871464236452375252e-01,-1.699657800853610290e+00
-5.662934442991530704e-01,1.440092902178526701e+00
1.138426232309606378e+00,5.747781090760902822e-01
-3.231046484870936375e-03,-2.198154700129771599e-01
9.876611777851103113e-01,-5.275081928606352166e-01
-6.758012908337170943e-01,3.980439543244707057e-01
8.916479103176930820e-01,-4.467475915183289903e-01
-4.113065088237749523e-02,4.027484773089079484e-01
-1.437709443118128094e-01,1.386228265038166041e-01
-7.126731114983760884e-01,9.478286001486864176e-01
-1.171622527205521180e+00,7.652947467664006354e-01
1.788662796248418285e+00,-3.272418986469857183e-01
1.143386410686801913e+00,-9.685684392102410500e-01
1.597523386511019883e+00,1.019962384650743292e+00
-2.415622253227386329e-01,4.053340525498345670e-01
4.539936025329027736e-01,3.466730390213214275e+00
2.362454638478811431e-01,-2.377588860112041846e+00
-5.256140070423603872e-02,-6.877727182848205612e-01
-6.413448558258488807e-01,-1.018356155465478974e+00
5.699354671730456623e-01,1.111980918397004192e+00
9.254001919085305117e-01,-9.352844299025192543e-03
-5.187486813404816877e-01,-9.503393492629711448e-01
9.600993714561770753e-01,4.451002041162107625e-01
3.800495852461247548e-01,-1.842800197163851073e-01
1.394675217745781515e+00,8.010315100807025024e-01
1.018236948978422429e+00,1.846522127774447020e+00
3.424841861148192890e-01,1.731272583438730583e+00
4.144946791606912151e-01,-6.365679941400149700e-01
-7.227446261262794325e-01,9.054223965399379459e-01
-3.966840032349097100e-01,5.986900348198743727e-01
-1.135836652270455716e+00,-2.742463131341099647e-01
3.760053629273212850e-01,4.325988015779132917e-02
1.849586980662857538e+00,1.598537492941010774e+00
6.352319544290893072e-01,5.719854668464714464e-01
-6.186390890979159840e-01,-4.805216714322304572e-01
-2.005422275711751467e+00,-2.596737246713219927e-01
1.010099878963255593e+00,-2.025013124246916707e+00
7.346516228401770432e-01,1.938607480079583556e-02
8.172614256609531669e-01,4.001323383873965633e-02
1.530816961002693155e+00,1.034947704962650539e+00
6.952325180622798140e-01,1.616746873216263203e-01
3.430178567561937841e-01,-9.572383038706414604e-01
9.387987393832493144e-01,-5.432471399163275594e-01
-1.768135060780240408e-01,3.136097681832588635e-01
1.535151136891354184e+00,8.008179841695505230e-01
-3.154426875520238704e-01,1.529883991294091805e+00
-2.289141998905624975e-02,5.282216884737026552e-01
3.303804647648164727e-01,-1.211743869708483690e-01
1.055368299095766460e+00,1.392924210438303279e+00
1.009310217874803683e+00,2.699433460780444327e-01
-4.816326659402464516e-02,1.574771469844722160e+00
-2.014783629248635410e-01,7.723221417502884600e-02
1.952145364581074904e-01,1.400534017572820089e-01
-7.832412018067916870e-01,-5.564864169007855965e-01
1.300057627713429476e+00,1.158471871475495130e+00
1.591374817313826462e+00,-7.867479690604003428e-01
1.291765988091179151e+00,5.029217699429446853e-01
-1.693302201168470411e+00,3.887134535556557857e-01
-5.841190961712200425e-02,5.723730526941781527e-01
5.567632539653617485e-01,1.124065056364861759e+00
-8.935600953563601623e-01,-4.201850311921279113e-01
1.820098981280704464e+00,-3.923781061108773116e-01
1.091685281829199550e+00,-7.421318219169309449e-02
-1.130339829115657224e+00,-1.302686110678142328e-01
-4.326079186047973035e-01,5.250868456224296044e-02
-3.450905423807421046e-01,-3.385826085449403777e-01
-8.844557331965660074e-01,-1.887261424469897919e-01
4.643113380713039251e-01,1.350913814792622736e+00
-1.452285515473148436e+00,1.521897260560646670e+00
1.683871242970572446e+00,8.280647249726759140e-01
2.053629185041701444e+00,1.463800959278505898e-01
9.170980820550086454e-01,1.333749741577890502e+00
2.062983366997564738e-01,1.026762980315662599e+00
-6.466351510064506369e-01,7.379210533169007491e-02
-9.789134986377187042e-01,-2.636103122132137377e-01
2.605377116083854805e+00,7.772656380262418230e-01
1.443949331167535544e+00,6.704294558957853978e-01
-2.940634648926955252e-01,-5.240555821517691726e-01
6.409701184398148843e-01,2.119121106296081969e+00
-3.150565635309486856e-01,-5.930278056639959328e-02
5.836490716494910913e-01,-1.412199114876387940e+00
7.798655578863490367e-01,1.495756488791375682e+00
2.582715016567927346e+00,6.433304724515713779e-01
9.499511060763449199e-01,4.059571981050179579e-01
5.590269767965801995e-01,7.582276861625170117e-01
1.879960980593887498e+00,-1.786460743867416490e+00
3.335272942057309620e-01,-9.766535888707094104e-01
8.216898978517985785e-01,7.041079177574303127e-01
4.307571932250968683e-01,6.970359978140241441e-01
-8.593164069202741118e-02,1.140994284964446243e-01
1.097006511655172378e+00,6.812618721459018367e-01
1.532518907206596115e+00,1.252922509805623585e+00
-4.718816400237465514e-01,1.500182664328219895e+00
8.527457635359753096e-02,-4.641422078369715765e-01
-7.192301037029169564e-03,4.328899753440751397e-01
2.628220608666723468e+00,-3.189029860702895514e-01
2.477443481460317454e-02,-1.458439356824606126e+00
-4.057502723814737644e-02,2.843682280568983756e-01
-1.549350824382695890e-01,5.015693893075318099e-01
-1.745270638928874130e-01,1.888711694782242434e+00
-2.968593973489246363e-01,4.597102116186780468e-02
-9.848602972345185114e-01,1.327391365653575461e-01
2.246959861574634176e-01,1.278649672194422493e+00
-4.809916798826491258e-01,-1.785362358400120752e-01
8.624820271730355703e-01,1.048213167793650369e+00
1.700080479617920304e+00,-1.241141219375751226e-01
-1.334001738866898989e+00,4.015483480388667425e-01
4.617740537210941465e-01,1.481880720963339448e-01
1.103970735368738021e+00,-2.923558541391584331e-01
3.806380210188268221e-01,1.690909251024885984e+00
8.794893788374379406e-01,-4.215098152619976002e-01
4.946046398112927678e-01,1.330777858342138353e+00
-9.745560294887906094e-02,2.183057430035107160e-01
-8.862425554971379293e-01,5.101298340847668644e-01
2.290440777287846563e-01,3.948465617634383529e-01
-4.170907135015150535e-01,-3.425362009568977406e-01
2.044109552482652248e+00,3.881750679574071938e-01
4.507962986193128629e-01,1.151506403139815893e+00
4.860823502607874436e-01,-8.407943356487691533e-01
-6.764537164432765648e-01,-6.482669782713411655e-01
2.878399098052794036e-01,1.851212632328307350e+00
2.089564830854286459e+00,2.544381099559006376e+00
1.123292884679152559e+00,-1.711725214125223271e+00
-1.408227850971055517e-01,2.276557842601249770e-01
2.896116284519978379e+00,-4.014881810449680843e-01
1.256395132886502841e+00,1.367996820546255377e+00
-3.545259525207864471e-01,-2.926737544520534584e-01
7.701222339048972021e-01,-7.569639577328397539e-01
1.646215030212077601e-01,1.939175048150305170e+00
-2.677826488480200551e-02,1.615609158629814690e+00
3.862663995233053704e+00,-1.421620737495269848e+00
2.497708695665558087e-01,-2.281821125234158476e+00
2.017726727412544607e-01,3.819347011529162783e-01
-1.184362252096799129e+00,-2.490049825219682045e-01
1.327616122812813160e+00,1.019938679123564951e+00
-3.348942602926330281e-01,-3.938469809467318727e-01
5.549554997356472841e-01,1.063395809957086824e+00
-1.322640653266196065e+00,3.826278789369972483e-02
5.882296065554184494e-01,2.091394921866728929e+00
2.366092914670115677e-01,5.382532593277162825e-01
8.280626828261825612e-01,-1.657983886811631447e+00
1.319370316287519440e+00,8.125973666232926274e-01
8.304642261920276436e-01,9.298205034584019479e-01
6.458671207947305204e-01,1.686873890384380958e+00
1.107179838116024939e+00,4.064854531026528273e-01
-1.102610341591809817e-01,5.717446780941610740e-01
1.275482217233302240e+00,1.984858646043946850e-01
1.929905542867154988e+00,1.815106156837540397e-01
-1.102694077541077622e+00,-6.821598927159813197e-01
-2.404510262469053972e-01,1.561121574442744464e+00
4.261709872817135980e-01,2.146192484413845136e+00
-4.603500150140643621e-02,1.487063539204843021e+00
4.409754965955717809e-01,-1.366995344197255324e+00
1.567282899217293579e+00,-1.341145023414173965e+00
-9.963890563898670782e-01,-3.364724370590345126e-01
1.510012047188238338e+00,1.922923774471255287e+00
1.075891749040214229e+00,7.660550364946669966e-01
3.206934178261335866e-01,3.471936137956816992e-01
2.666766915666684556e-01,1.502185540918261342e-01
6.731489342164179712e-01,-1.331697780671591058e+00
-4.504210389423427552e-01,-2.253223030290132933e-02
4.720529396095635155e-01,1.944907021788783830e+00
-1.019106171999746291e+00,-3.240901096826135364e-01
-7.446512229758427415e-01,-2.284039562366593223e+00
9.817269623322284477e-01,-9.189853703985849664e-01
3.287666382753207106e-02,-2.404003485011581287e-02
7.352962228902298891e-02,5.418174998938104503e-01
-3.173522702023459097e-01,4.028496409695373481e-01
5.091090832637321650e-01,-2.452252037290658659e-02
-4.102529830390864163e-01,-7.429245958601720101e-01
2.010472476593053448e-01,5.988968580433158273e-01
-3.295068753121628280e-01,-3.719677689274373256e-01
1.182290765927649923e-01,-4.425845440527369501e-01
4.430190554216109078e-01,3.125514109752289826e+00
-1.086977919479453991e+00,-6.241093776185980824e-01
4.985942145145168536e-01,-2.212406431479085001e+00
1.741629958129578881e+00,1.212218379814413716e+00
1.085870965107720076e+00,1.853464052932493944e+00
7.060940187111610644e-01,-8.643069251042688750e-01
-3.894986906192199339e-02,8.644547808644992282e-01
1.560675543063821280e+00,9.826276407970611082e-01
3.248648927095277861e-01,4.780953756070074334e-01
7.644498071465963829e-01,3.421071855677450257e-02
1.156236751155355069e-01,1.091469149116641280e+00
-3.627206588633328233e-01,-4.419595633416443237e-01
-8.517679089556170480e-01,-1.171600278269599560e+00
5.668105952646289580e-01,8.744388671945442226e-01
1.165059288794102699e+00,1.161767764864133912e-01
2.311290263276015722e+00,-1.044217380528819961e+00
1.855595612753603296e-01,-3.665537459569261358e-01
1.413541975201976442e+00,-9.760037710849401860e-01
1.476711341270747213e-01,-1.798647555202379233e-01
3.246871839887699451e-01,-1.263158083153455902e+00
5.422650551655827655e-01,-5.525044675602359678e-01
5.714568528387680146e-01,2.288198499963787491e-01
2.616388096810505770e-01,7.297643180391234496e-01
1.912075760145096837e+00,-7.617441128016692042e-01
-5.121721450128722264e-01,4.850406028563930549e-01
-9.294219505324093911e-01,1.850012939799159928e-01
9.212516961903477464e-01,1.402845088729434975e-01
8.093748774329543316e-01,3.274168299137864557e-01
-6.611032531033261828e-01,-9.719368666797952860e-01
-1.303384597359690034e+00,5.196709730999397037e-01
1.324870480636037851e-01,-1.465704573999852212e+00
4.835998717317522289e-01,1.506474493228056266e+00
-7.915511369909321582e-01,6.991404031715245937e-01
-1.732663608866957805e+00,6.875513499084056068e-01
2.227624468010773739e+00,-3.984293368329023810e-01
3.526571791096853037e-01,9.211593817988551480e-01
-1.441128908509855755e+00,1.566887545658338654e+00
-9.886836422519068579e-01,9.094267554844438495e-01
6.973563285934776257e-01,-1.127155083929252566e+00
3.024199656330890384e-01,1.074144071434065401e-01
1.928812985176491246e+00,1.448541302744724479e+00
5.071021503121674323e-01,4.418332365050434696e-01
8.745620227735423358e-01,-1.430223438116347001e+00
7.030485158374502053e-01,5.441891569250130178e-01
6.974783708741669752e-01,1.703056790747387916e+00
1.743057938434567244e+00,1.314961662114789931e+00
1.232569088286137315e+00,1.028439840659723492e+00
1.190974316325975835e+00,-8.181853846210451753e-01
-1.077632526952271963e+00,2.361341412957169983e-01
1.333106628631670842e+00,1.294197633487972898e-01
-1.159699801606683067e+00,-2.188127047171734285e-01
1.427676892472523607e-01,-1.302369817614503766e+00
4.634298453814688079e-01,1.930764343366087044e+00
1.227462341963113879e+00,4.624018161885919964e-01
8.256401885316075884e-01,-1.341868297844699187e+00
-6.627964764214592241e-01,-6.515236573575514112e-02
-1.404041424148327444e+00,-2.277050516879988717e-02
1.244737275300487944e+00,1.376622320192659454e-01
5.754839918696647016e-01,-6.913740246664138445e-01
1.996620869149261068e+00,9.804080837438550189e-01
1.036587409300444129e+00,2.205135330540216376e+00
8.304328626906130051e-01,-2.215406679291789527e-01
-3.461187386425299550e-01,1.672597819175117850e+00
-6.046906440924467718e-01,8.742454139170526828e-01
9.936141934565847489e-01,5.716057492802849582e-01
1.038547839217206059e+00,7.207061147181905714e-01
4.299470415690361813e-01,-6.638532721854438767e-01
-2.847096062800914540e-01,-4.147932087823872349e-01
-2.776354771664644172e+00,2.224958095815313119e-01
-6.696738964559234564e-02,1.811873834644350811e-01
-1.691619579664285222e-01,5.037168553193649423e-02
-4.203408023377985803e-01,-8.303197049562485721e-02
2.037829265356863928e+00,-6.562547128714729672e-01
5.787585834903373749e-01,-4.479671302054173410e-01
2.385288657138638080e-01,-4.940290079827702741e-01
2.715786448084684945e-01,-8.195027871979120304e-01
-2.115326586669244335e+00,-2.274971778368168607e-01
9.034852817797579538e-01,-1.928313020498405306e-01
2.059147459930266155e-01,-9.567762543661521013e-01
-7.374014168416983539e-01,6.782579467236855564e-01
2.365997780069806211e+00,-4.080312864302472198e-01
1.029569562486449819e+00,-8.056103463323136538e-01
1.342142089510359182e-01,-3.135018387419699071e-01
4.070887179521701094e-01,-6.416544941308552352e-02
6.323924657806768712e-01,1.768235318403686696e-02
2.949240654102700532e-01,-6.142117327301118701e-01
-7.930990094887372388e-01,2.190261699390316341e+00
-1.317421079376217108e+00,-1.234711907919620710e+00
1.702944184554217255e+00,-3.600058883169624524e-01
8.083705226731499049e-01,1.195393584326656100e+00
-2.671760006983432412e-01,7.075692454234081552e-01
1.292200579462123855e+00,-2.924501994582988651e+00
-2.392975279298146241e-01,-7.450572695060021511e-01
9.755284475630027208e-01,4.500668584876399425e-01
2.291484874351757739e+00,5.622880334493151055e-01
1.732714018613320306e+00,-2.947037023792811183e+00
-6.013999453856179178e-01,-9.088951578202971726e-01
-5.389452214716724532e-01,1.408147473566159880e+00
-1.152591565058190159e+00,1.354260597071161643e+00
-1.659409129151256490e+00,1.008591822963910561e-01
-8.218120659272828421e-01,-8.804284152540918784e-01
1.630650234786338526e+00,1.644094487360884260e-01
7.419747752834351395e-01,-7.198174475940157802e-01
5.905700741032550161e-01,9.821809049451372120e-01
1.737273538008932139e+00,-1.101048677936741660e+00
1.075729965094278651e-01,1.467655896510468239e+00
1.541931558807669411e+00,6.423714473417750925e-01
1.315250966644625708e+00,1.501316201964104924e-01
1.357395978199139042e-01,2.143741336819557086e-01
-4.690989489265282586e-01,1.327573085853757329e+00
-2.349615194643616123e-01,-4.041644815126832491e-01
5.706852312064868427e-01,-4.725984506594894663e-01
4.184163050283905561e-01,-5.458672926390897295e-01
1.132269715100742591e+00,-1.989488610327752593e-02
-5.965927343795960347e-01,2.143623252057183848e+00
1.915026993622604756e+00,6.277895201257570612e-01
-2.351832344509539041e-01,-2.164248063323708504e-01
1.681926334683986557e+00,-5.842922003369711570e-01
-2.024769661520585906e+00,7.679522692438891518e-01
9.821879881240431764e-01,5.144851447487057694e-01
6.292515412371679773e-01,4.750630266543396374e-01
-4.319367380425641612e-01,1.493410813430171347e+00
6.672128823063958603e-01,1.492218741425991757e+00
-1.587206272613145286e-01,3.013593218471805057e-01
5.160547722021335826e-02,-9.961901371753757450e-01
-1.045912820873319493e+00,-1.233466147900756704e+00
1.177838186326435110e+00,-6.536113194837407381e-01
1.119475337587292119e+00,-1.092619214365525560e+00
5.694016078705675943e-01,-7.269825321831405729e-01
-4.650595922956126671e-01,2.106353017952936835e+00
2.182140912100408170e-01,-1.904835504983730221e+00
4.079560848387472904e-01,-6.865118342487197545e-01
2.457398225850228268e+00,3.463225351742712510e-01
-2.941684431117786991e-01,2.194184283031719307e-01
8.306905526882356616e-01,-4.087956873848815897e-01
1.026123319708617476e+00,1.084843593666350747e+00
-2.645993121705925155e-01,-1.687562089384568864e+00
1.502844649760615714e-01,1.583350278231210551e+00
-4.244358968342168970e-01,-4.985689584637187366e-03
1.286549457800878482e-01,-1.121605653235132394e+00
-1.066122884225784606e+00,1.224946916200480462e+00
2.865456647297313086e-01,-3.184934078094472376e-01
-6.508314226709405181e-01,1.192929782410452333e+00
5.973536718897599629e-01,6.278187725303119304e-01
-4.190377903841928653e-01,-3.003821113862105152e-01
4.878048928667009787e-01,3.597475587637831707e-01
5.325548946842574294e-01,7.948008908822039587e-01
-1.131931066477949166e-01,1.531170783675724234e+00
1.591239185097047759e+00,9.477647878933596060e-01
1.132689929933178852e-01,8.549026443623676252e-01
-4.557384193588100985e-01,-9.043658783592266603e-01
-1.458815440686137777e+00,-3.918821923127141504e-02
3.145629405270334300e-01,3.892998490758143859e-01
4.180770434843677497e-01,-1.647700814723813412e-01
-7.080238813831133404e-01,-7.895640167721732494e-01
-1.379317983486455734e+00,1.004045828907199622e+00
3.681955895110859966e-01,-5.693017361597717541e-01
-1.399547503154721095e+00,-1.120331494113052440e+00
1.163098708325382757e+00,1.434042428053774021e+00
3.177289262157090288e+00,-7.420306124982273266e-01
-6.284759890268086790e-01,-5.068147560702639387e-01
-3.343390922879196925e-02,3.494651944071979210e-01
2.321848391584320659e+00,-4.337152694156096722e-01
4.629195646986689061e-02,6.901864460410303548e-02
1.135867424280649240e+00,1.010088034347439656e+00
8.529714246658053334e-01,9.738197345836591134e-01
-5.046167397298881863e-01,6.670622508962398278e-01
-2.230521164999405004e-01,7.912673330861079712e-01
-1.865135341760320031e-01,-8.790871349809933344e-01
1.092233094536128490e+00,5.831682992843045810e-01
-3.445024541421811692e-01,-1.087001086252878945e+00
-1.776674917300261614e-01,-1.144165215364637112e+00
3.007501684385921470e-01,1.671579111447665800e-01
-1.152909299959997469e+00,1.899975269912063780e+00
2.539938449486731642e+00,-6.472352133021194720e-02
4.495411076027579500e-01,1.324163943078055794e-01
4.555178983898781064e-01,2.087366492343797564e+00
1.210793320354389246e+00,1.824194112209608143e+00
1.081038158416847139e+00,-4.986172405401579910e-01
3.946479831068044342e-01,-1.620068669395668126e-01
1.025488950796574761e+00,8.933584649780978992e-01
4.032651145795081993e-01,-4.992319207032963613e-01
-8.011555081581737126e-01,-1.386285679787239600e+00
6.447993124392270570e-01,-5.862917223844652526e-01
2.521050386949507338e+00,9.863379594031793096e-02
8.971562206653040938e-01,-8.729858959461742063e-02
-8.590667679420388447e-01,6.352754340507551500e-01
-5.927379711179814326e-01,-7.562637648728331996e-02
3.261118335173004423e-01,-2.544435962194296241e+00
2.838395332591981401e-01,1.353545393384006035e+00
-1.618144969205776995e-01,-1.237314828611919548e+00
-6.796711035078132346e-01,8.068177742467310676e-01
-3.763423206588061287e-01,3.864685051239444835e-01
9.410472840579696685e-01,1.828163624296257561e+00
1.413626641805163064e+00,7.755212365807112596e-01
1.023873706226750446e+00,4.102642268234780731e-01
1.639529899596204654e+00,-1.007296836615479751e+00
1.549172156130323996e-02,1.490553564269450904e-01
-1.746612549282656746e-01,1.310855357281913269e+00
1.651389425831500668e-01,3.831135367353338816e-01
-1.163913565528847727e+00,1.568976043357395600e+00
2.484396674949718609e+00,4.311052596107771695e-01
-1.393313576751857408e+00,1.424554859773923043e+00
-5.981598132195176110e-01,-5.478267745687240842e-01
-7.375556575148073390e-02,5.627080948807795524e-01
4.512303860796434973e-02,1.617023931710684370e-01
1.593237217666158223e+00,-7.605386142118460979e-01
1.187243546178079479e+00,-5.045236841188235344e-01
-5.915596324414463814e-01,-1.900725422411237098e+00
1.842944593504903139e+00,-3.081026770345295374e-01
-9.946872501249827137e-01,1.510308148424853281e+00
-1.373326331234756559e-01,-1.926265496369349572e-01
1.777512135428510609e-02,-3.755783979093725300e-01
-8.674152635583859405e-01,5.554640192528247367e-01
1.106297599834697554e+00,1.569861470997413466e+00
4.238917166206008780e-01,-2.921772160950514952e+00
1.297473276923254648e+00,7.495990020973325452e-01
7.500082568658734683e-01,2.557448986449918360e-01
1.867772257967339922e+00,1.023574643080668922e+00
1.956167730512387681e+00,-1.102222585167295321e+00
2.484164669791478985e+00,9.397148774912730262e-01
4.197690308057461239e-01,8.008516594621689633e-01
1.130156822918998660e+00,-8.168558179766047811e-01
8.122745923669167922e-01,-7.786814564286970164e-02
2.182377686190156041e+00,-2.131785974983406995e-01
-7.161262356956391573e-01,-1.808235133380607929e+00
3.972926270582857189e-01,-7.451527598414940945e-01
2.305351255861621151e+00,-1.631487398724299931e+00
2.517083500017904374e+00,-6.459621520401704897e-01
-6.771857194398059887e-01,2.638598393150092258e-01
1.271500408472760357e+00,5.134180577780890209e-01
7.549293491005517609e-01,1.227709986039206669e+00
-7.392233973894698495e-01,1.983636685302053504e+00
1.905356428791347145e+00,1.878141614483511690e+00
2.562280919822481629e-01,5.807862846564765258e-01
7.702424106658164460e-01,1.216387304280416304e+00
2.189920003391460368e-01,-7.775318247314443321e-01
-2.762771542588726703e-01,-4.515388576417550537e-01
2.211634546906232623e-02,-9.341259894675125741e-01
7.984322049588687964e-01,-3.082223168680136016e-01
3.109531254814347223e-01,-2.058061995804313649e-01
-4.147013436695230482e-01,1.285224421539017614e+00
-9.486395217641140354e-01,-3.790220336586516137e-01
1.253217387828784002e+00,2.038246649820729117e-01
1.470772431131999736e-01,6.635956965418295939e-01
3.064406201148978104e-02,-1.010546773091892947e-01
1.072020886871872580e+00,7.982549863650599542e-02
-8.066946447454449443e-01,5.605156851715462629e-01
-1.198703623139574237e+00,7.666067212561801236e-01
-4.033925002215668076e-01,-4.711794474830560686e-02
-1.725071401254305581e-01,-6.166170989212830245e-01
6.647228647023711856e-02,-1.166132332709783448e+00
3.007196073631175914e-01,1.648687352230394199e+00
1.929036128920866844e+00,1.070105733585302810e+00
8.550180425644510196e-01,1.766117852228633323e-01
2.553735946339086293e-01,9.963054969023347196e-01
2.650677949565226621e-01,-3.840892685716132959e-01
1.673557758029506015e+00,1.027057568960041412e+00
-2.932746039436359142e-01,-1.325883329742014949e+00
1.116059254730036088e+00,-3.479792771783998262e-01
-3.802618041805022608e-01,-1.568759018245575287e+00
-2.712094406608291930e-01,-7.336891949108805822e-01
1.084650990148021132e-01,-1.009632445243696386e-01
2.952992778683096731e+00,4.765415892251003704e-01
-8.821774846745954468e-01,5.254751306315507547e-02
-2.441729348002727562e+00,-1.308638888607225770e+00
7.132700198821004811e-01,-1.574442210310734447e-01
1.641667099131830732e+00,-1.499245429480390746e+00
1.716289852156115403e-01,4.755884247733060954e-01
1.108114936582678123e+00,1.278874695669900641e+00
3.340543789011746756e-01,-1.191021153340839467e+00
1.291809496264888724e+00,-8.935931375132069032e-01
5.685864078801162735e-01,-5.058584722417129864e-01
7.121112140030173565e-01,-1.131586289639508580e+00
1.070529220584600427e+00,1.429164190296390968e+00
-9.367881996181958160e-01,3.100294799318825678e-01
-3.401575886203122012e-01,-7.062081970471155712e-01
2.315164847721790098e-02,-5.863778251688586685e-03
1.825228910873318178e+00,1.331781084924661407e+00
1.281880777837812291e+00,-2.022969445259601873e+00
1.842263187455093654e+00,2.937978759077718438e-01
5.043466700568887129e-01,-4.991160852012490601e-01
5.558516726232644034e-01,-8.452595000394439451e-01
1.976218600516279178e+00,1.755798177423904427e+00
2.134561454045989848e+00,-1.605404245299953736e+00
-7.981907311815633621e-02,9.875118667162156028e-01
8.781802934477411782e-02,-3.163916231158709902e-01
-8.960758188477725428e-01,1.392350992822412703e+00
-5.778663135059193268e-01,-1.987437543238469162e-01
-1.970297684796929349e+00,4.805197435322247079e-01
3.933847945504286847e-01,-2.164939913029185981e+00
1.072476007788265129e+00,-1.132009861896687619e+00
3.006455247532814123e+00,6.144884149525593475e-01
1.039566227243460039e+00,2.228669176637121829e+00
1.107064580263615206e+00,-8.259270469813825288e-01
1.116301373314354972e+00,-1.361748159915716627e+00
-4.238772016074005000e-01,-8.375816231552413171e-01
7.937981820946045097e-01,1.111570483631972639e+00
1.993457069631107359e+00,1.762720520749222253e+00
1.367639825035470214e+00,-4.613259728288549022e-01
-1.957495502012300825e+00,-1.666860378114288999e+00
2.052252572246160867e+00,-3.854025505882054947e-01
5.447623615189947088e-01,2.877974592428834133e-01
2.171912220100516711e-01,3.321657845473364734e-01
-4.084523445893225579e-01,-5.690050401896783461e-01
2.469009496582262875e-01,4.315149768928737695e-01
7.651910956434289091e-01,-1.436247660090965494e+00
2.374048320283590474e+00,-1.678928436131881030e+00
9.144901207756104267e-01,-1.554274486040815029e-01
1.361006379123228971e+00,9.280144685722006015e-01
-2.039508301400223544e-01,1.126371327332630790e+00
6.415863539192039333e-01,-3.578681201919037269e-03
2.226115226283003068e+00,4.093428946935621926e-02
-8.196409613137888295e-01,1.360345315905125974e+00
4.386168541579887892e-02,-3.935083969787991354e-01
6.223838728508689355e-01,-4.232656247641315428e-01
8.006531397438290121e-01,1.532833191053087907e+00
1.000892976021478420e+00,-4.097717261049135251e-01
4.228402967399892964e-01,2.345585501959495112e-01
1.158663855815411203e+00,8.889858978024618441e-01
4.198889640738169837e-01,1.736244380069460691e+00
1.637742540185703477e-01,1.828806603853091461e+00
2.571013500769747662e+00,-8.953665062261462193e-01
1.363413068315635135e+00,-1.048999217203468559e+00
2.297690772708433082e-01,8.180574242171556598e-01
2.993816616921721185e-01,2.324265532061071671e+00
5.096078570871830360e-01,1.530242877648853028e+00
-7.486354875996644731e-01,1.238168322913418384e+00
1.085661749719765368e+00,-3.704730361087585910e-01
-3.889787090725965735e-01,-1.002117853785439383e+00
1.474816169716036462e+00,6.831272086837522073e-01
-3.397773257460956486e-02,-5.951552058135162193e-01
-2.003947635064778243e+00,6.392054765845630593e-01
5.974519030169200828e-01,-4.239228951589933958e-01
6.998007394308856099e-01,-7.152765417945076143e-01
4.234214042242423481e-02,7.013277224991614212e-01
5.331336929077921116e-01,1.907535055380509825e-01
5.518906921291973910e-01,-7.827283925076673476e-01
6.783878389583735125e-01,-4.272150442428988004e-01
1.727512802531460945e-01,-1.232786148204698229e+00
2.190932513338854637e+00,2.021562897881656329e-01
4.332384784510910358e-01,3.699791829593438441e-01
1.586492426669585676e-01,1.287046725003118675e-02
6.716938587370443470e-01,-9.946485186557539881e-01
4.271254455231110470e-02,-6.217333109075022790e-01
1.189412573948660512e+00,-7.414259805130704040e-01
5.490921758187237156e-01,-7.243864451284601214e-02
1.116731880718534686e+00,-9.675096152898471358e-01
1.224575604589237754e+00,3.741158668386541652e-01
1.071749703528218856e+00,3.055967137941984491e-01
-5.057330996446637306e-01,7.191313371391923337e-02
3.718790785911190167e-01,1.399849415341289705e+00
1.280697238360476220e+00,-7.789718406098256054e-02
1.691129949521889220e+00,4.753266096263596419e-01
7.458622298748551760e-03,1.900236713017771750e+00
1.262581148483091997e+00,-1.169473648010610489e+00
2.936985317437740273e-01,-2.105868644839469894e+00
1.751266872730337099e+00,1.213268914641809415e+00
1.538476175157749815e+00,3.595529901061284006e-02
5.609978214507578276e-01,1.702477935371377482e+00
1.242345793816208577e+00,-4.989932793373116349e-01
1.104818993175467945e+00,1.120076229833300241e+00
2.453642332111725943e-01,-3.894286634228650845e-01
3.284565248742280508e-01,-9.361902665261384593e-02
1.037227109571459138e+00,-3.952470309827591510e-01
1.361403363443099312e+00,-1.447742942345226602e+00
-4.004660952780996208e-01,-1.752424990469674482e+00
-2.481048179219729199e-01,1.029916304522626724e+00
6.666821375418972018e-01,1.930471206444681842e+00
-4.919282345208211282e-01,-1.314740379546011750e+00
4.066036441771749277e-01,2.353299598798936354e-01
9.381669535975378782e-02,-6.957816877703987268e-01
1.355904102524177146e+00,1.720746589259040116e+00
-4.892881219682263527e-01,1.726049630204535168e+00
1.157057265679456881e+00,-1.264554794746347133e+00
1.277982506755415359e+00,-5.447865831085495492e-01
4.725582463847290970e-01,7.452625138305667418e-01
-6.963403622172709140e-01,-9.965831442788767314e-01
1.032816624730599653e+00,-7.354760625378564676e-01
2.030958996672733274e+00,-2.149229932522438158e-02
2.277474726540545946e-02,7.531896886467003283e-01
8.195615295330949124e-02,-3.007681324542563761e-01
1.573744079423127218e-01,5.310553222166942700e-01
-1.347697632106319432e+00,-9.204326503507597179e-01
1.275686049596714611e+00,-9.667201477705978929e-01
4.525541807090666113e-01,-4.428511334837487157e-02
1.516574323487621001e+00,-1.128059331876801519e+00
-2.281480810620060140e+00,1.363862478623634855e+00
-4.206190107799533395e-01,-5.892203034003109519e-01
1.344586763778897520e+00,-5.184806049788853732e-01
2.003046883266337730e+00,-6.072208036366747441e-01
5.675517095289989156e-01,2.223078610678216882e-02
1.471131777296584175e+00,-8.074432789672526534e-01
1.026764244962660833e+00,-7.357999780749382435e-01
1.501068561098528598e+00,-5.333192662677446183e-01
2.232533370933776629e-01,4.465248911152187583e-01
1.006805226125381036e+00,-8.426315410010383200e-01
4.548308767526627605e-01,3.537337741679796865e-01
-5.482560400274586465e-01,4.981236628215934825e-01
2.810430295586336946e+00,-4.355110701181159616e-01
8.130295914164809012e-01,-1.078631733506203005e+00
6.980344067570549704e-01,1.117727151558328025e+00
1.563597692134136574e-01,-8.792745937147103397e-02
1.806919934179861631e+00,1.257644540073667550e+00
3.658868292836646163e-01,-5.328223105164393569e-01
-5.292873393213454181e-01,1.192254081262866111e-01
-7.322378573951319192e-01,2.630950159650642828e+00
9.584983205994290767e-02,6.280885699997915128e-02
1.511577802482412469e+00,-8.508356925252470448e-01
2.317456763010787402e+00,7.750479586048270031e-02
6.923363428341979819e-01,2.334933484005409510e-01
6.311632039666595917e-01,7.210915200742608056e-01
-8.048718122480419401e-01,4.166084515252643783e-01
3.919456134524009761e-01,7.658969294055153476e-01
-1.984366540408611712e+00,-5.093258624685638170e-01
1.001363964359468062e+00,1.588963673580477964e+00
-1.010058526711293148e+00,-5.549838837167678784e-01
5.485975470015354016e-01,8.486625493775271645e-01
-4.382000026447437913e-01,-9.538817090173387081e-01
9.375237979047288395e-01,-6.780269029258231828e-02
1.409005656434969556e+00,1.680039356281525453e+00
-2.082856600986197071e-01,4.035337857861106547e-01
-7.518117863099992304e-01,-4.566180639533090613e-02
-8.018605030065267814e-01,-3.481534889838643343e-01
3.393399889408778014e-01,-6.274788436484710630e-01
1.126895409418311012e+00,-6.837700317480155388e-01
1.084058195877299013e+00,9.066774996169422174e-01
-8.020935015152618197e-01,-2.265088227247949171e-01
3.337723885824117609e+00,9.030066437491574005e-03
1.136649388243688996e+00,-1.193696178558931065e+00
1.331851161881682177e+00,-8.451940284886018118e-01
2.138475798539542505e-01,5.495589656680844870e-01
-1.372096348423105905e+00,8.687398349205914805e-01
4.679846036010936183e-01,1.947693359585701778e+00
1.960573113386263167e+00,-1.588542083783160530e+00
7.160499628072714007e-01,7.008672269645442876e-01
8.343949768750077434e-01,-9.418046935579257317e-01
5.907091309194383300e-01,-8.513563146456190056e-01
7.639260229038025152e-02,7.035461878775887135e-01
-1.012139892975709721e-01,7.977803532208123105e-01
1.197563208414273994e+00,1.009474569984856851e+00
1.076237164537501290e+00,-3.279398675896453286e-01
2.310297767974890948e-01,-6.124783784860913238e-01
-1.771533286113060601e+00,7.407317894130863722e-01
8.235313759518734233e-01,-9.891176854688145115e-01
-9.305874657426950192e-01,-1.531751418389319663e-02
9.039141523447382642e-01,-1.147851962203237930e+00
-2.298264289075385713e-01,7.557177099715662871e-01
-7.364076790120199778e-02,-1.380834286133278965e+00
1.018748681639559006e+00,1.144908514804909183e+00
-1.503649306336479752e-01,-8.696570768820607311e-01
2.178515779439897493e+00,8.819732526150887431e-01
-1.471897015523714991e+00,1.769237257525718032e+00
-6.584608179955054874e-01,2.743546866486090696e-01
1.706466757006383173e+00,5.962575587529682641e-01
6.503998067390310833e-01,-4.865535156858792343e-01
-2.545767588781694402e-01,-3.263224644762149906e-02
-4.103583730210165204e-01,7.815174403419767879e-01
7.878549550081104247e-01,3.353588947638030948e-01
8.678978791686791094e-01,1.823908970671710872e+00
8.496604562845249120e-01,-2.638927893687428861e-02
-8.097716638214461637e-01,-2.689825021372064251e-01
-2.228702149424415691e+00,2.785163809468419682e+00
-3.427565790756700315e-01,-1.177451835695500604e+00
5.871865381050556110e-02,-7.926969085010132643e-02
4.277305278584614401e-01,-2.883728369796221269e-01
1.006911923055042735e-02,6.389926526707271348e-01
2.359928824339035947e-02,-1.711437106330285118e+00
1.092967197887093178e+00,1.596270086407102662e+00
-3.633382094605923651e-01,8.439167409689707355e-01
-1.124541957388982549e+00,-1.681532911690838183e+00
-2.195154801779344300e-01,-8.659969013439512420e-01
1.475748399562666791e+00,8.462787700104296151e-01
7.597503203580222575e-01,9.459367096322537360e-01
1.778357369158736212e+00,-7.815394274529022800e-01
7.787477637520172635e-01,1.477189405484705231e+00
9.546961591002857128e-01,-2.804264636265084709e-01
2.171121627129586784e+00,5.917659378344720666e-01
1.043641505401098124e+00,-1.289257187998164467e+00
1.079787330692590697e+00,9.582824082272289878e-03
-4.299966349084720640e-01,-2.425419671074083627e+00
2.429525651235051320e-01,1.396263540315380913e+00
1.143988862343257473e+00,-1.325053852833558921e+00
-4.322960805736375534e-02,-9.903448116017262715e-01
-2.169266300386000212e-01,1.008756377636657486e+00
7.773715133275994615e-01,6.041467291414476248e-01
-3.468248162363944953e-01,3.805395313986980055e-01
9.091442263817002267e-01,9.305387103794102721e-01
2.579725980022213427e+00,4.679491072623624959e-01
-7.533110694934691542e-01,5.059643434693938957e-01
4.244963665448878709e-01,-3.112479886207106805e-01
-1.423822139099558903e+00,-1.467544078965669074e+00
1.622968189113424220e+00,2.525047427934629107e-01
1.507627351526337200e+00,1.048895498616338351e+00
1.409156004852454735e+00,-6.637251194681590416e-01
-1.831868071052871194e-01,-4.305755284350099021e-01
1.555724953780498687e+00,2.595163422987995627e+00
2.435013145217179709e-01,-1.634128077386089173e-02
1.784215725131528263e-01,4.309137789219096293e-01
4.272149503269151993e-01,-1.803387829980170443e+00
1.976931274104543057e+00,-5.646563887386089053e-01
2.606029312941290921e-01,-1.386192111841883623e+00
-3.526207507791784268e-01,-3.329949678899946086e-01
-5.938575370427303657e-01,1.291148735021786731e+00
