-4.015309377924410228e+00,2.346462274450670904e+00
-1.821225709899600975e+00,1.766188500801823213e+00
-1.826023558854619866e+00,1.981955613604927446e+00
-6.095095440917959628e+00,2.173159146456753010e+00
-4.992794113313406612e+00,2.212966831656443034e+00
-1.492216706300756091e+00,1.748342512997188347e+00
-2.717288030510869312e-01,1.724596076561721647e+00
-3.415709061855443096e+00,1.810044938267074688e+00
-1.652572514983557284e+00,1.740395420390786096e+00
-2.727619489715210399e+00,1.669566937809967122e+00
-3.744737857125816749e+00,2.197842245866387767e+00
-5.000141947060261494e-01,1.828451997219987746e+00
-6.121567010156438116e+00,1.795051655972876414e+00
-1.687852329487392611e+00,2.088929073493000388e+00
-5.650587537927886927e+00,1.366265475929542950e+00
-1.640596606644548539e+00,1.880545966704577410e+00
-3.552799832989995021e+00,2.228053335799221824e+00
-1.194570664348950428e+00,2.328467674995722714e+00
-2.496295613557580673e+00,1.849669290715905134e+00
-2.406313811398819613e+00,2.492941672192151792e+00
-6.256351560447382276e+00,2.226360606629500971e+00
-1.011942543725176336e+00,1.957465115669799749e+00
-3.424085578148532871e+00,1.569296018126878689e+00
-2.056730735407314103e+00,2.121646684007583605e+00
-1.823910559775379303e+00,2.017070199814209985e+00
-3.487055908980254859e+00,2.699253963332317596e+00
-2.669019148864410607e+00,2.162711230369056548e+00
-2.145969132179118777e+00,1.634828629725363580e+00
3.736070907490936399e+00,2.084990996726158397e+00
-2.682242687313918239e+00,1.770732286121174504e+00
-3.007161367820533115e+00,2.058701516979240420e+00
-3.643307366076260490e+00,1.519895456512322163e+00
-2.389932548508258314e+00,1.688521023784943509e+00
-5.589494542123516041e+00,1.567000366567297132e+00
-1.729730211737386059e+00,2.281017608172326572e+00
-3.051693501818417253e+00,1.775141550194605733e+00
1.216231513740615000e+00,2.283886856969039592e+00
-2.781314288690452052e+00,1.809667274192481523e+00
-3.296625303662763962e+00,2.409893786709651486e+00
-1.767918377086193482e+00,2.281137013068030850e+00
-3.659541705908840648e+00,1.938158617998320565e+00
1.445845138319055145e+00,2.135591700163664619e+00
-4.279573020896005886e+00,1.360538869865040024e+00
-2.723998654195217028e+00,1.806693497856235453e+00
-3.388656817491840112e+00,1.657768858230564302e+00
-4.881909011263674714e+00,2.585599886932873570e+00
-2.761136518120759664e+00,1.754925973145516238e+00
-1.369821820765522835e+00,1.684531292975917527e+00
-3.222745539522156921e+00,1.651038751916702463e+00
-2.463882107859759252e+00,1.599670312205456080e+00
-5.727295485990234525e+00,1.667180756339307957e+00
-3.183666498163568725e+00,1.765872811471914883e+00
-3.920475776100055931e+00,2.146156884014317257e+00
-1.760311690372158955e+00,1.965179081744631517e+00
-2.661669024018419982e+00,1.445218037869016481e+00
-3.193828847541482219e+00,1.426030366347699863e+00
-3.878962725444283333e+00,2.549671115646532371e+00
-2.097549993367126220e+00,1.593358586066506266e+00
-2.781564194220457864e+00,2.385665250933114656e+00
-9.895511726715264800e-01,1.777476496682176110e+00
-3.209167725783624636e+00,1.708468880193328321e+00
-9.644343387392368960e-01,2.020524307097167238e+00
-1.453807904227990555e+00,2.458228162669845673e+00
-9.787506687332614419e-02,2.443473613558557744e+00
-9.703067134941805172e-01,1.776728537462818780e+00
-6.918861171477576733e+00,2.022007212436415902e+00
-4.802007167481837868e+00,1.854888091949768114e+00
-9.396692124707977101e-01,1.431089990533762180e+00
-2.550950066702118768e+00,1.866604049802887744e+00
4.277121249193611696e-01,2.485294376493964119e+00
-2.535962431954311924e+00,2.022826932525910504e+00
-2.176117650828125250e+00,2.613990309322700600e+00
3.251155015497602108e-01,1.543718262534424346e+00
-3.645123582437585608e+00,2.461924716474383601e+00
-1.420508319501374128e+00,2.014005954783010921e+00
-3.006923557329891139e+00,1.402126906963522046e+00
-1.802285882669843575e+00,2.104924848441424690e+00
-2.897611586217665014e+00,1.971337811389910932e+00
-1.866918465724653364e+00,2.273430072650300726e+00
-1.851585042563311800e+00,3.062027676253322284e+00
-5.842480585365647627e+00,1.808163900256590351e+00
-3.082514901261691254e+00,2.318926662885835821e+00
-1.764383520761781288e+00,1.793431444803590624e+00
-4.138629345541630755e+00,1.933658428446179744e+00
-1.811843291314570559e+00,2.254142214720785464e+00
-6.394218270309011132e+00,1.654337533973683882e+00
-4.380478056671718079e+00,1.749524231363169591e+00
-7.142772612194803195e-01,1.826219573386020922e+00
-4.397869288013003697e+00,2.298952386378326107e+00
-1.668945846190533322e+00,1.764662195544425494e+00
-2.301632693910470540e+00,2.112876087612171272e+00
-4.165707505165411106e+00,1.378550183655738781e+00
-2.949837598932826932e+00,2.316032586193816023e+00
-1.164381860322690754e+00,2.136871739579421448e+00
-3.422202290089304100e+00,2.442075297381850696e+00
-2.831396248826051565e+00,1.940133511924167387e+00
-3.354386904864845143e+00,1.966988518395222707e+00
-6.641943194383303606e+00,1.872110649895659451e+00
-5.603068382219115406e+00,2.378576837628172402e+00
-1.209755538279225107e+00,1.612377802220414935e+00
-2.860273330315913132e+00,1.846061169784472433e+00
-7.129780013839428499e-01,1.878245192250562079e+00
-2.465771195254935488e+00,2.302020278850862134e+00
-4.875471148905061725e+00,2.236385510762584072e+00
-4.402792371050631814e+00,1.811271455299178434e+00
-1.053177611780265810e+00,1.415349289389149279e+00
-4.560426284252269369e+00,1.901009762591556962e+00
-2.030604061154119844e+00,1.795457373160824766e+00
-3.635819649194434788e+00,2.487300938011917317e+00
-1.750507759898434212e+00,1.604621334376020503e+00
-4.479537587929865339e+00,1.935160150549833480e+00
-3.154397580571695503e+00,2.128855016018673219e+00
-1.706646592741869028e+00,2.576782309691719508e+00
-2.199848105904259388e+00,2.527704486122997363e+00
-4.046682764568409141e+00,2.399433761610326066e+00
-1.110492195370610613e+00,1.935160320799096834e+00
-2.807400652822135800e+00,2.089851831151109174e+00
-2.420024285237877049e+00,1.708352068746644914e+00
-4.629016080498844943e+00,1.881874340211292962e+00
-1.799165534332305638e+00,2.395341347629286854e+00
-5.805312451064633450e+00,1.731977355759351855e+00
-3.730335780248751565e+00,2.039380916229352803e+00
-3.436793067681339409e+00,1.664211690847337888e+00
-3.683317725347231786e+00,1.940296892131491147e+00
-1.399543970634286705e+00,1.835096882005657237e+00
3.680829618720795615e-01,2.292574950687561230e+00
-2.767983888490661570e+00,1.938092279564202380e+00
-5.317671006487687535e+00,2.195313363208310609e+00
-1.268902876376623912e+00,1.864708702203262680e+00
-5.551042159634624440e+00,1.651494033655276583e+00
-3.923279957552660679e+00,1.858978438065681527e+00
-1.898841495318549288e+00,2.067746824293924313e+00
-3.656238379446415721e+00,1.755054744035533520e+00
-2.413300332895553346e+00,2.175976941073555881e+00
-1.652370466943846150e+00,2.474610642259463145e+00
-1.289808171600885123e+00,2.025893029333014184e+00
-3.531664810284812717e+00,1.476820767641310095e+00
-4.192348939175158939e+00,1.840119505161110780e+00
-6.792061783601330838e-01,1.849843926870196498e+00
-4.916015252380390166e-03,2.326374645665968188e+00
-1.623316343671434181e+00,2.573891418533555964e+00
-1.528740568623857987e+00,1.376415039146821062e+00
-3.569479760219357534e+00,1.902565308726733795e+00
-7.350017489472993049e-01,1.936622426043862255e+00
-5.587099713443137716e+00,2.089168706032640710e+00
-4.572510834855354034e+00,2.252599979365764948e+00
-3.947567473409792527e+00,2.289011612427799491e+00
-4.895097204347871767e+00,1.958700761760473030e+00
-2.973366558001397930e+00,1.870637433104862302e+00
-5.497347772019889334e-01,1.977123317456134455e+00
-2.864744428682151511e+00,2.230129228848720668e+00
-2.669221077852494517e+00,1.740371753166788160e+00
-2.681879488813778245e+00,2.415519082583024613e+00
-2.990190856609214798e+00,1.755165632635560691e+00
-1.517399679968850501e+00,2.017584057627546112e+00
-3.167267328681786509e+00,1.721668318374049766e+00
-4.149810106599955972e+00,1.824779158979162874e+00
-3.064264427321570672e+00,2.412080081696605038e+00
-3.949901495135286211e+00,2.448455521254233158e+00
-3.663709807344255331e+00,1.538991761903129474e+00
-3.260047561125738014e+00,2.565241528000288262e+00
-1.780135529593571242e+00,1.892691696411212376e+00
-2.604378753148643533e+00,1.697708693790521917e+00
-6.465442570235552466e+00,1.625856530112752774e+00
-5.903382781577139582e+00,1.630153690484855478e+00
-3.176016703093726967e+00,2.274965393096661792e+00
-2.917792934540664351e+00,2.717832288605165569e+00
-2.926332029070367380e+00,1.745155071241740963e+00
-5.946325706421338175e-01,2.280596464151043445e+00
-1.037595550637849140e+00,2.014114217450909461e+00
-9.819819934672220363e-01,1.511011644550764643e+00
-8.550538335768647080e-01,1.962930453993405600e+00
-2.385712381244862179e+00,1.812336048210795081e+00
-2.483985528076520399e+00,2.042639278838488170e+00
-4.147059662282833514e+00,1.729138255602637342e+00
-5.766181466797634769e+00,1.691181190339257068e+00
-1.653058540094645590e+00,1.846082916919240535e+00
-4.783860953682617989e+00,1.797749478227019360e+00
-2.604325468715489755e+00,1.482738830314339395e+00
-5.860827862077861994e-01,1.561690224966724383e+00
-8.382768127426114546e-01,1.744320798744273038e+00
-4.652731985822205374e+00,1.473636474484123049e+00
-1.389849320979531955e+00,2.129417989893566343e+00
-3.507041065737333430e+00,1.765856261841886932e+00
-2.556468719350692975e+00,1.862722285086987561e+00
-1.636041966534912628e+00,2.243928832714241040e+00
-3.449126369071417564e+00,2.281326732487181985e+00
-3.649833496738174698e+00,1.589640271377914527e+00
-3.569598064584190045e+00,2.173037021921508494e+00
-3.848782009911583479e+00,1.672242344946030634e+00
-1.290528227202573985e+00,1.851772442057945334e+00
-2.123711581933635184e+00,1.932126032642953462e+00
-1.513375444152185612e+00,2.030473745754806547e+00
-3.365126190489831082e+00,2.225720202751537702e+00
-3.857547928528673786e+00,1.947029451631064445e+00
-9.154448444092233572e-02,2.179780128100595959e+00
-2.162011249809006497e+00,1.980772059253803397e+00
-2.203200630338209010e-01,2.111753162168160891e+00
-2.198188464857561364e+00,1.777935969198200628e+00
-2.968266692324054823e+00,2.233644175596812609e+00
-4.682617317967918247e+00,2.303828405688403080e+00
-2.365902158695654123e+00,2.174803910390620931e+00
-3.607952659406929552e+00,2.317308198681442999e+00
-2.290511503724469211e+00,1.539817578323697145e+00
8.312720016149510727e-02,1.992500139779844304e+00
-4.186249757936527871e+00,2.124914314872127452e+00
-3.019464356013367379e+00,1.885597862827676607e+00
-3.002607021514528629e+00,2.854128132226649406e+00
-1.652206044302683141e+00,2.445371609963865822e+00
-3.180232203675577018e+00,1.698288052243492663e+00
-7.135220348225153941e+00,2.058419934046324062e+00
5.533470692170290306e-01,1.636491632646307481e+00
-3.671837408200782527e+00,1.906183085315911629e+00
-7.418921436050446516e+00,2.258678263961541699e+00
-2.030343557937662968e+00,2.363851345963239758e+00
-3.324075446645144538e+00,1.678835241146011903e+00
-3.764015294838020331e+00,1.316097554501178823e+00
-6.565835116212415556e+00,1.812206104934187767e+00
-4.494762792683724584e+00,1.937865026213138275e+00
-3.134545193040175537e+00,2.113801090761111556e+00
3.193651158708035176e-01,1.766852503689220866e+00
-5.682474200282970678e+00,2.365233151189563454e+00
-2.277068697499824879e+00,1.981625764863703010e+00
-5.678896758959904645e+00,2.189537530360660345e+00
2.021869000404538319e+00,1.340702510542591153e+00
-3.675747055588524326e+00,1.764467193524128064e+00
-3.136758569802517549e+00,1.419528778959806115e+00
-2.926732816910956103e+00,2.439049730874989219e+00
-3.502261788918406893e+00,1.631961856905016939e+00
-3.147750417051512262e+00,1.965478717434081535e+00
-2.778457662197143740e+00,2.709257293720315651e+00
-3.984680941170016144e+00,2.076808355909287140e+00
-5.360362714835792630e+00,1.943545658457372260e+00
-2.382410928310800369e+00,1.800418886601618862e+00
-4.711291462059655544e+00,1.802239082992280750e+00
-2.721717953070622364e+00,1.289256158706808986e+00
-5.138504110675011560e+00,2.000046028073024118e+00
-1.774474595885498829e+00,2.081398324232468511e+00
-5.135658891381442714e+00,1.676050796445426094e+00
2.100127220852132659e-01,1.993480043116246048e+00
-5.167309780920400719e+00,1.452211610748007420e+00
-2.060054364995108855e+00,1.633466520345668416e+00
-5.022103427967826939e+00,2.085099751042158278e+00
-4.319188641148103969e+00,2.106784133509274959e+00
2.867331246933479960e-02,1.440838689560701713e+00
-3.279879125070894297e+00,1.829297525652349155e+00
-6.424939719865949250e+00,1.893755721725326469e+00
-6.089578995509446813e+00,2.236166230096753527e+00
-6.322272058380645099e+00,2.206537858010524822e+00
-3.949621253331537574e+00,1.586576356652683817e+00
-4.545219069357180786e+00,1.909519725759551312e+00
5.839251084668539704e-01,1.590897475936063676e+00
-4.478395606117525851e+00,1.769903326510072983e+00
-5.141495198912279463e+00,1.625695094059992574e+00
-4.975574811203204106e+00,1.941643659800650124e+00
-4.952112020677963855e+00,1.581588695199078520e+00
-2.476452569611133470e+00,2.437000971482173206e+00
-9.246870471766923671e-01,1.471642552005302029e+00
-3.028178939389166047e+00,2.126063724449752890e+00
-3.766169479156548761e+00,2.034905917643087037e+00
-4.302746416200646351e+00,2.111731530319975292e+00
-1.223120702063899445e+00,1.882348648177008199e+00
-5.548841795232887009e+00,2.294892158282482164e+00
-4.101412979153955973e+00,2.358626761888744205e+00
-1.238773807737317822e+00,1.488452352352364727e+00
-1.335271526394156361e+00,2.375839808471077230e+00
-8.947347165008876502e-01,2.722400514357770973e+00
-2.336432518840502404e+00,1.739164107767205536e+00
-4.956568470973823359e+00,2.047987912023033097e+00
-1.473589900391137242e+00,2.222614655163381858e+00
-2.551052595623903851e+00,1.722275066843532265e+00
-3.756186384090243635e+00,2.186638897292874972e+00
-1.964525572998218061e+00,2.339512547297933232e+00
-5.467033749429507594e+00,2.147905355410807626e+00
-5.005337680334733363e+00,2.005306850357181592e+00
-2.725215855954806976e+00,2.149989258057475983e+00
-1.324403639783717779e-01,2.290862795059856349e+00
-1.535936468482906214e+00,1.978145314840269897e+00
-2.758347027692434672e+00,2.147544770731752539e+00
-6.896042262832300374e-01,2.131309573451006578e+00
-4.386165882558663576e+00,2.097076565547499882e+00
-4.031765752033410699e+00,1.654709299604207429e+00
-1.679681572193907568e+00,2.399815352088023879e+00
-1.663929442019169036e+00,1.900826867071932380e+00
-4.751234928146939041e+00,2.459074084193626053e+00
-4.617428477821428956e+00,1.875785134631491546e+00
5.836365374384726579e-01,1.654915988856541897e+00
-3.673608346366172395e+00,2.413277595173395351e+00
-3.716224772716360203e+00,2.067648145203280219e+00
8.993731280621055646e-01,2.401582517129445371e+00
-1.702115365963803306e+00,2.257637093261256389e+00
-3.656165198219027523e+00,1.688541037891752028e+00
-2.492498435844262339e+00,2.149696561444152998e+00
-6.384201767591096477e+00,1.229766828472257600e+00
-1.536223017118727219e+00,2.049522316650559617e+00
-3.346250661254146053e+00,2.009125562500556406e+00
-3.983043621696225500e+00,1.681790770158827497e+00
-4.482566674774336235e+00,2.033614209130398809e+00
-6.322774645700097729e-01,1.590407247076123465e+00
1.179320220516091311e-01,2.160168351830318745e+00
-1.887496330718327453e+00,1.801578625924139532e+00
-3.690363745911753757e+00,1.945649568606345969e+00
-4.429891665342033491e+00,2.464795258573146075e+00
-1.697050571541935504e+00,1.696756363226060271e+00
6.141964064787028832e-01,2.402914706349349672e+00
-4.280601390871310308e+00,2.209761175494633356e+00
-1.798937835578935385e-01,2.395044017240397505e+00
-1.720130498329615065e+00,2.071012769358268280e+00
-3.303152772866821962e+00,1.801888837980496927e+00
-3.400838398572041399e+00,2.073450456500640637e+00
-5.881933802442743442e+00,2.088394258028282824e+00
-3.639970044753160217e+00,2.041022642260740927e+00
-5.129698494811973930e-02,2.142408789518794432e+00
-4.491400756206009426e+00,2.121235079890711361e+00
-2.832099927237176740e+00,1.345194291594475899e+00
-8.040518832311556174e-01,2.022066843803978831e+00
-4.140293324228334626e-01,1.873382434217663706e+00
-1.921879224075362602e+00,2.012571370413362981e+00
-1.253394494600876818e+00,1.488870539586589103e+00
1.289166980528356987e+00,2.083517572002075546e+00
-4.614718770938260661e+00,1.625425476987519380e+00
-4.927429537519061320e+00,2.371841861215050695e+00
-4.572562616572717786e+00,2.182468263671812903e+00
-1.853234727844661700e+00,2.140501221023149991e+00
-1.686845406571096495e+00,1.839238007376995387e+00
-4.143350917064131167e+00,1.416502252193055256e+00
-2.519451969364427946e+00,1.713340473652996021e+00
-3.704223137943547961e+00,1.878232954156625834e+00
-3.665653657152796008e+00,2.159720257961489587e+00
-5.501996109019168024e+00,2.155543017547222551e+00
-4.523545443181975045e+00,2.225334016565874595e+00
-5.863096543125909221e+00,2.288421498208872418e+00
-1.806066080946546970e+00,1.925900619283758219e+00
-1.615389613272866232e+00,2.049459589150572025e+00
-2.821234382338038582e+00,2.064028531704234837e+00
-3.703210438254307846e+00,1.764455760358513148e+00
-2.215649385189496279e+00,1.969940417225293450e+00
-4.843744859881120135e+00,1.222155149728760826e+00
-3.292597524880070736e+00,2.422499406976722280e+00
-3.309221247221400652e+00,2.044628102820962301e+00
-2.932743658947751797e-01,2.200587011474501864e+00
-3.887817269583722091e+00,1.850806315856802442e+00
-5.417517245092350109e+00,1.896142306176322068e+00
-5.770563334874999839e+00,2.235861440383655196e+00
-1.692099318301721222e+00,1.551478156917954987e+00
-1.294506238947814580e-01,1.759174185139263047e+00
-3.148956065057734843e+00,2.156989335835091115e+00
-5.635812730903888124e+00,1.937329054366252468e+00
-2.792808147764522797e+00,1.833416718974665960e+00
-7.970272270178062612e-01,1.918088892380890087e+00
-3.722722819175138032e+00,2.015908775783381568e+00
-1.512409571278783949e+00,1.676806065608438701e+00
-8.547508577863780488e-01,2.027862176403959271e+00
-2.476738161081712075e+00,2.155075658482060064e+00
-1.009620223374757764e+00,2.148144271849056874e+00
-3.685620844189744894e+00,1.537959288911482147e+00
5.156657488589693195e-01,1.845297517808686782e+00
-2.670723221160415939e+00,2.467929664504495690e+00
-8.983974174364059984e-01,1.636402995910616998e+00
-3.125741383529018425e+00,2.174424492972798717e+00
-1.508159862601746282e+00,2.072573697091369294e+00
-2.406277103825665620e+00,2.278268046326423768e+00
-1.211732207721657018e+00,1.962146598711379530e+00
-1.618184381621575518e+00,2.134482405392124527e+00
-4.059757607838444748e+00,2.528491853307667903e+00
-2.138476297008494509e+00,1.909614572036979929e+00
-4.581752301266132754e+00,2.056467261882988673e+00
-3.421005033008517771e+00,2.436935374306722579e+00
-5.750684995255886278e+00,2.224927181735965931e+00
-4.850433818175579503e+00,1.744366123550007419e+00
-4.873542659115415177e+00,1.878369824634331664e+00
2.152390171273648178e-01,1.489448893661366569e+00
-4.077881806514785268e+00,2.007151244675143609e+00
-4.089141160786168072e+00,1.602731257262769882e+00
-4.967787371627872872e+00,2.074250901242748579e+00
-1.096782871473343857e+00,2.301569239174780179e+00
-2.672057772130653319e+00,1.838448637778373973e+00
-4.661503534442505092e+00,2.298055723257202310e+00
-4.471324707971738199e+00,1.895923906361466127e+00
-4.509000288648239874e+00,1.618064237729778920e+00
-2.524931511819158203e+00,1.979608344833828637e+00
-1.163405148071774420e-01,1.930021699972892080e+00
-3.366136241362619241e+00,2.280788323833004672e+00
-1.801405895212376151e+00,1.663459568651894926e+00
-1.881018612302899129e+00,1.810570437005771360e+00
-1.289947744090192083e+00,2.192048603730322398e+00
-3.894193561148675542e+00,1.854842904210888266e+00
-6.037495178992601907e+00,2.252428591459783913e+00
-4.998433836788075624e+00,2.093262281506985012e+00
-2.137896146747139348e+00,1.890632854638221394e+00
-1.295929209052741449e+00,2.117775935054682535e+00
-8.845197075487862826e-01,1.816163704439839988e+00
-1.424407053536480561e-02,2.055449420144115358e+00
-4.634841992672003919e+00,1.971481868444816543e+00
-4.620947093832835861e+00,1.892589902383686296e+00
-1.309696655477038396e+00,2.033888984636194941e+00
-1.843586655816392694e+00,2.039322595862361975e+00
-4.299735094565052762e+00,1.949771494258672799e+00
-2.288991632570806178e+00,2.139002458039886978e+00
-3.873715521793708039e+00,1.895186954587270378e+00
-4.308196671505580611e+00,1.751351253637615235e+00
-4.074080148416461711e+00,1.977767875598131164e+00
-3.766144537792872171e+00,2.328350313145141293e+00
-5.038043453533908256e+00,2.457174102184878084e+00
-3.848568005900887101e+00,2.171406249454681525e+00
-2.928004212250742810e+00,1.757967889032739039e+00
-2.067446663316828470e+00,2.521175189631398084e+00
-3.950395226107903390e-01,1.475147498854394890e+00
6.383549351640382952e-02,1.673459456303290072e+00
-3.809962525704811753e+00,2.425852786354688817e+00
-4.685292288724896892e+00,2.402570017945189207e+00
-5.454066930322301054e-01,1.983824488312660339e+00
-4.607216899623935547e+00,2.257552222408152787e+00
-2.697900039627357138e+00,1.847040598291597613e+00
-5.350149837845973089e+00,2.446159517570402286e+00
-7.173294925590927740e+00,2.327805855034446481e+00
-4.232007576104750868e+00,1.763212358635971588e+00
-1.295249554668865821e+00,2.046999879110225073e+00
-5.756596967309199897e+00,1.337705196844409805e+00
-3.281366793573762486e+00,2.443898625163483995e+00
-5.244926999807600687e+00,2.092556858414686971e+00
-4.760934825773950330e+00,2.449106319006701060e+00
-1.187981280169764675e+00,2.067027255922902373e+00
-2.006570198570456487e+00,2.070647893654288030e+00
-3.368491577634558531e+00,1.998962408150229964e+00
1.985155433043900075e+00,2.155722132511163736e+00
-2.497616323368681446e+00,2.411283302589874999e+00
-1.691700634184523988e+00,1.663146730316457322e+00
-5.942369307591610195e+00,1.592762771026943414e+00
7.838158771840886274e-01,2.019394992422459012e+00
-2.253091468161041444e+00,1.887643371855532326e+00
-3.303357494191926147e+00,2.249598362272147600e+00
-2.260281127276337010e+00,2.261368747749824326e+00
-3.878972136733374487e+00,2.305209991448996298e+00
-2.464786162928920277e+00,2.282833418876227594e+00
-3.220722921553335727e+00,1.958991480832366072e+00
-2.008660998838712075e+00,2.212052177146669685e+00
-3.587451007037323336e+00,2.516459686376576688e+00
-1.232013271975881397e+00,1.858432532657620317e+00
-4.012609892796499267e+00,1.759254187542458991e+00
-7.768069681358316103e-01,2.109637548934775619e+00
-1.447375819165541699e-01,2.082300800605791480e+00
-4.061393734344311390e+00,2.271307790148307859e+00
-3.133675307770531493e+00,2.472134076523357926e+00
-4.490327529458755684e+00,2.392240120955338778e+00
-4.507683034029063229e+00,1.913740590105906136e+00
-1.005845445943037486e+00,2.323962385488097304e+00
-3.922259059006139470e+00,1.953293861027096234e+00
-9.814333313603809117e-01,2.130152848772592478e+00
-2.125989792168397674e+00,1.729001190776605412e+00
-3.308706291567849345e+00,1.815502606566141930e+00
-4.758463406090394088e-01,2.149451043356635171e+00
-5.768613422372754762e+00,1.972516459591562743e+00
-1.060458876236359149e+00,1.952874408380822935e+00
-4.048829533162219718e+00,2.043492596206221812e+00
1.912777027100913685e-01,1.832396875876159514e+00
-4.318719010375460243e+00,2.340868767117042726e+00
-4.223294270263788341e+00,1.677833453843111666e+00
-3.188491263701045408e+00,1.455403993990239231e+00
-3.220513524063475685e+00,1.742947423798947071e+00
-4.970431690562704397e-01,1.896852555039453048e+00
-1.465204053209897994e+00,1.997759374719092040e+00
-2.445163029486427497e+00,2.230676010689981670e+00
-2.350385675475209268e+00,2.042607876795135002e+00
-3.796630809546315266e+00,2.286142814773146625e+00
-3.087187307328353558e+00,1.950847679809699198e+00
7.426118192320760869e-01,1.577042687477364646e+00
-5.450018290178661573e+00,1.854784578292127062e+00
-2.991249813496461574e+00,1.736888784602716118e+00
-4.751387177135972806e+00,2.148860089773042326e+00
-4.812276960768652856e+00,1.998172853581101638e+00
-4.705168393203514654e+00,2.200222425637522239e+00
-1.378265409903906669e+00,2.247601332887376735e+00
-1.798825582046791105e+00,1.897649648708341408e+00
-2.504194351670706364e+00,2.471121014580512476e+00
-4.762254804778640604e-01,2.015299553633433494e+00
-7.182924072236459345e+00,2.117667065246502389e+00
-5.857556348000484192e+00,2.084070033316977266e+00
-2.681541304888209964e+00,2.226413959196903658e+00
-2.592750639014696379e+00,2.031068158960706693e+00
-3.426016090530647151e+00,2.444757157367757561e+00
-7.658493370730965921e+00,2.495635781266449804e+00
-4.494466769711631393e+00,1.671131076641013236e+00
-2.557574440834108120e+00,1.912573763635450286e+00
-1.100279260903272105e+00,2.044639389227057791e+00
-2.823031537347006292e+00,1.661586109196883099e+00
-9.681725778638186064e-01,2.375700485799401296e+00
-4.714003738296304036e+00,1.906620351813739234e+00
-4.063215772209682441e+00,2.906249541881595011e+00
-2.273183835627490268e-01,2.152690047933935258e+00
-4.027279630059105386e+00,2.283518309268913526e+00
-4.413548695941631017e+00,1.836996849530392328e+00
-4.105292607988071829e+00,1.929975566551762833e+00
-4.534966509403580481e+00,1.908076869442740797e+00
-4.747096313270899870e+00,1.979686297424752661e+00
-7.973680809724803531e-01,1.492743669749241997e+00
-3.662371244302829787e+00,1.653802631693984226e+00
-3.347091920631339867e+00,1.966232491541852978e+00
-1.847126157162017890e+00,1.836619276823977742e+00
-3.458017767190657121e+00,2.593473981153408658e+00
-2.507386681060104650e+00,1.913430599364334794e+00
-3.646855453320068996e+00,2.174866537029555236e+00
-3.630684251739331181e+00,1.553034683050194209e+00
-5.214312471830801599e+00,2.193434424435281027e+00
-6.227910099481057671e-01,1.962196270338011139e+00
-3.410583116352039479e+00,2.028085207177082072e+00
-5.601141290651430182e-01,2.127734172219456710e+00
-1.032788221359037584e+00,1.807419727247938868e+00
-1.303507967026690251e+00,2.076136362617452935e+00
-2.118847124637492030e+00,1.841729398550622676e+00
-1.929167193315309170e+00,2.232351375341447675e+00
-5.594660756534237223e+00,2.131856364733405673e+00
-2.417542022075946040e+00,1.713965748819449075e+00
-1.368688721014767351e+00,2.289655874566688620e+00
-5.488105830737962876e+00,2.094742515004921035e+00
-3.318668925462128882e+00,2.204662715855208344e+00
-1.636698194725952016e+00,1.697683005752936847e+00
-1.129410596640653797e+00,1.750954350905746360e+00
-9.055008927921801565e-01,2.171363837569074473e+00
-3.645222211402794343e+00,1.888533119763454504e+00
-5.345426008318266753e+00,1.704940917081213758e+00
-5.473791829755803917e+00,1.708982387391345892e+00
-3.657204674841212366e-01,2.525334213133123118e+00
-5.966917075549865501e+00,1.779315767230876144e+00
-5.493905373008487913e+00,2.235225405931957177e+00
-2.927804889521089304e+00,2.059981313781177992e+00
-2.740342050232281057e+00,2.564623980181939267e+00
-3.232461639063464176e+00,1.687333891790527618e+00
-1.625170047611894653e-01,1.714896428934436612e+00
-1.297774475775985259e+00,1.803361738644052803e+00
-5.289294198736320674e+00,2.057358745208567985e+00
-1.099428684600223249e+00,2.032660503428297627e+00
-5.526038340298653040e+00,1.671145999549228822e+00
-3.638111350592814208e+00,2.082611830363992667e+00
-8.153445856315184592e-01,1.791377926380109731e+00
-4.542209585257964477e+00,2.178818091827017245e+00
-3.664902816481108161e-02,2.380192040678736465e+00
-2.865122946497216994e+00,1.469710460969473775e+00
-1.642911873419229840e+00,2.473084513174499399e+00
-1.599818407985557522e+00,2.079060608831548418e+00
-4.201070012403005371e+00,2.176874312667709255e+00
-1.919665873267632161e+00,2.098402185422123090e+00
-1.759667437137880208e+00,2.035289419640384345e+00
-2.092439122834906851e+00,1.563906870854982367e+00
-2.237249107825439509e+00,1.924265146277431615e+00
1.275072783796219689e+00,2.096197994541777021e+00
-2.047028658528766698e+00,2.218119951265150380e+00
-2.260159432815921576e+00,2.101136660763305297e+00
-2.022019042386116183e+00,2.220564915148377061e+00
-3.242591205788926345e+00,2.465714754109561646e+00
-2.432205201675279316e+00,1.889361606156628959e+00
-1.543127603695892747e+00,1.881580728390870538e+00
-3.376104685419269114e+00,1.286973203146518419e+00
3.564962140784730948e-01,2.109139046627832581e+00
-1.457997973663910596e+00,1.691299091102544061e+00
-5.555316854263503856e+00,1.857504400468184880e+00
-2.951885695084170091e+00,1.824963726879901049e+00
3.914257580210511733e-01,2.422998390250304279e+00
-1.776703427036819383e+00,1.906538948683645263e+00
-1.331121541917674511e+00,1.663056245623445228e+00
-2.720666939195377498e+00,1.688850131836916235e+00
-1.408806491552432760e+00,2.133373898784087341e+00
-1.665306370418768944e+00,1.820991535267841632e+00
-4.270876581537807581e+00,2.203560959704431887e+00
-4.442843191666362657e+00,2.239176455419806366e+00
-1.961138003883995395e-01,2.455979952166106095e+00
-1.480915601621042077e+00,2.168642620329429782e+00
-4.066064156873113511e+00,2.084136923758673987e+00
-3.371666685839894484e+00,2.126091930188365620e+00
-3.518685321644610120e+00,1.905314835985932209e+00
-4.013180115262263925e+00,2.437905772063265086e+00
-2.752259148634266239e+00,2.114579194870759959e+00
-4.954005098863752288e+00,2.034661529419632409e+00
-5.023936996263545396e+00,2.356913401590452484e+00
3.553437435691355617e-01,1.523395319343833432e+00
-2.423382446866632289e+00,1.730589254709717917e+00
-3.641621748767601474e+00,2.428050014814588931e+00
-2.870996071033848462e+00,1.833531640999289447e+00
-1.720086285552944183e+00,1.895718075245779399e+00
-6.828085804019424998e+00,1.807130018805741534e+00
-1.115005082828332217e+00,2.334114249439398492e+00
-3.703311930314405309e+00,2.163096315828241689e+00
-4.331398520772580696e+00,2.015044765136474680e+00
-4.930533458726918283e+00,1.977793213533077799e+00
-1.786482723898137559e+00,2.159326147663685802e+00
-1.212696410536456604e+00,2.384423506038987117e+00
-4.083234002738213242e+00,1.737576183840895627e+00
-2.744364963667862423e+00,2.159035796225245107e+00
-3.908421673767910942e+00,1.847885913124836632e+00
-3.591791813966307867e+00,2.095156933255414522e+00
-6.485343365826103934e+00,1.899984692379586004e+00
-2.051326934213057118e+00,1.995072584622497036e+00
-3.817114498476402940e+00,1.017240215286900007e+00
-4.246753852874307178e+00,1.940225259362923449e+00
-3.662041176515621554e+00,1.780321646122634771e+00
-5.430977347399338129e+00,2.066899394112271526e+00
-9.359846973771395184e-01,1.444726272040751658e+00
-4.526301713541085014e+00,2.073543841290992340e+00
-1.505346898004757961e+00,1.854890064275986017e+00
-4.766506089640953903e+00,2.118843989826442176e+00
-2.693491334743150833e+00,2.146173540028329274e+00
-3.369483612767045333e+00,1.885385115446369220e+00
-2.959476504965691035e+00,1.610169872878905117e+00
-3.323612160193341936e+00,2.241790489455753654e+00
-4.108679732011343511e+00,2.489041427488521308e+00
-3.345345927266527575e+00,1.985312032658754777e+00
-3.039717202187331768e+00,1.806332662788307175e+00
-4.191975987104967771e+00,2.020970136347407298e+00
-1.830338746956312157e+00,1.941858530857054399e+00
-2.587496172714432774e+00,2.074115224850042072e+00
8.965262939114548857e-01,1.669040566855179986e+00
-5.237568011754775377e+00,1.739769820520137289e+00
-1.965362248978611781e+00,2.379375330561704693e+00
-2.020713019817298228e+00,2.037893014398979297e+00
-1.202729901907758414e+00,2.069700069882796534e+00
-2.499803015665449824e+00,1.948742129022219993e+00
-2.824265958908328766e+00,2.454035205609590875e+00
-1.408945495875024490e+00,1.776960008610258601e+00
-3.031035473067481778e+00,1.981387791235448725e+00
-1.279608722838259771e+00,1.901124612142622627e+00
-1.659850122663452110e+00,1.775227383476204901e+00
-1.758833430155591460e+00,2.100721580077796080e+00
-2.267319821365037846e+00,2.219917982656112621e+00
-5.962272890510724288e+00,2.401025478342570185e+00
-2.390092485449827997e+00,2.206042548495761313e+00
-1.012468254078348950e+00,1.818157216417757738e+00
-1.986989574322763463e+00,2.398307440573131277e+00
9.859597477788772935e-02,2.198233784327917384e+00
9.735007483399860106e-02,2.249847780988278423e+00
-5.058597619401529855e+00,2.118518037532922449e+00
8.391099887729778217e-01,2.205169496178752908e+00
7.202575101917632061e-01,1.866266239576063857e+00
-1.894431705206177874e+00,1.804583319336286795e+00
-2.985416507370767913e+00,1.786095878279359006e+00
-4.139029985758345020e+00,1.911788175708357906e+00
-3.025822272097311139e+00,1.864193309992600023e+00
-3.564776054972912611e+00,2.020412493185396396e+00
-6.249712912471172110e+00,1.732235110722514237e+00
-4.313504203985726093e+00,2.408087304112030758e+00
-3.468528582374442948e+00,1.648163840165321581e+00
-2.549463547744242664e+00,2.336119043000803863e+00
-2.011310238667293859e+00,2.427671516076844505e+00
-4.922664375690258609e+00,1.844150716289563396e+00
-3.657322785774225427e+00,2.276378886616400532e+00
-4.510201864479842726e+00,1.911092669305328062e+00
-4.517063379715675175e+00,2.283515663213670166e+00
-2.785084040947560791e+00,1.286842237069581341e+00
-5.251770633825319834e+00,1.744063138844187844e+00
-2.491019084295666985e+00,2.559248038804698755e+00
-1.209800460260539445e+00,2.049814945591095672e+00
-5.791459805384628901e-01,2.582544880913652197e+00
-3.137665696518362246e+00,1.918966952652713109e+00
-2.117844205184737483e+00,1.869125578298461265e+00
-2.781117470029763616e+00,2.525219609662591402e+00
-3.750292576100210162e+00,1.811520343818183276e+00
-4.690198567429627374e+00,2.254633954461777279e+00
6.231700353944389370e-01,1.615923564043208138e+00
-4.710010790700746242e+00,2.056837819307996806e+00
-2.281883793208748124e+00,2.587189924681149389e+00
-1.919835794580689425e+00,1.731639914976794259e+00
-1.424482782658778257e+00,2.001806910600891776e+00
-2.334589681768119540e+00,1.886309365370847368e+00
-4.960911926338652300e+00,2.599025110880462286e+00
-5.352285156388949083e+00,2.575692717856963299e+00
-2.134058126315561577e+00,2.394938979154606518e+00
-3.537454590820333422e+00,2.267420900928289740e+00
-1.249282611102787932e+00,1.144343393339154913e+00
-6.033655225822558421e-01,1.768786964187758270e+00
-3.988235437802199357e+00,2.485204451916783519e+00
-2.457838076272061745e+00,1.470957977217956181e+00
-2.797538111594947363e+00,1.830373115149457774e+00
-6.060034336852901937e+00,2.041399407366533136e+00
-6.120551064572833155e+00,2.088723804882310464e+00
-2.086669439659257552e+00,1.809359843685742986e+00
-4.570942646860859604e+00,2.150685377024596612e+00
-3.715871666304789933e+00,2.087613291859785392e+00
-1.660711382921824297e+00,1.381257428060977954e+00
-1.103868421633972474e+00,2.298187971111978811e+00
-4.181523713534782694e+00,1.899624072995667268e+00
-2.748572437158864012e+00,1.368112745817716025e+00
-3.040123966032536984e+00,1.978107388346845408e+00
-2.875012378565209747e+00,2.258919713844104393e+00
5.199193941921764761e-02,2.224745347059073453e+00
-1.803573403507644723e+00,2.281969198660863007e+00
-5.270406347066846742e+00,1.542414324141836657e+00
-2.004000926977889563e+00,2.637109175403978156e+00
-4.514093099525789299e+00,1.632779085451716572e+00
-3.695729102485481476e+00,1.766235072889899005e+00
-5.138664558277193706e+00,1.906791186041059794e+00
1.238528524755597715e-01,1.968772140056133324e+00
1.048008977843116973e+00,2.692689956425584175e+00
-2.256088120126785501e+00,1.777991697831441620e+00
-4.875673195589439679e+00,2.582618714308341445e+00
-4.498996937685680209e+00,1.815382002291149544e+00
-2.598545462072565648e-01,2.025697232703001394e+00
-4.198444446780590589e+00,1.961334113664622070e+00
-1.465697816469468284e+00,1.783334783899136911e+00
-5.049868656678455636e+00,2.084623904180360920e+00
-3.582350574429823631e+00,1.991308198570533206e+00
-5.464408514020899332e+00,1.893291023814934304e+00
-3.161445239442964628e+00,1.968435594123780774e+00
-4.936981670712452086e+00,2.005897042165345923e+00
-4.948140844006336359e+00,1.639579231356387723e+00
-3.541471074697803534e+00,2.043082558922891590e+00
-3.693188600393016330e+00,2.073644291787596572e+00
-4.902386992899375073e+00,2.167524541427297446e+00
-4.440706706867951326e+00,1.982856172459050992e+00
-1.801193292517447198e+00,2.119496930571468152e+00
-2.849457794931776977e+00,2.365467544350207785e+00
-5.982124484890077198e+00,1.900750660833140149e+00
-4.430980803334125362e+00,2.130905791491636503e+00
-5.147080283156777014e+00,2.174612082708109906e+00
-3.512482887055394354e+00,2.566424668148275856e+00
-1.401570490749376896e+00,2.667196981320891336e+00
-5.203326232987528499e+00,1.893729411167803800e+00
-6.037763390500632710e+00,2.214047148872011483e+00
-1.444912152104596448e+00,1.877003540176139129e+00
-2.398189183521850953e+00,2.153717042340909771e+00
-2.613999862469690516e+00,2.104406219722884330e+00
-5.367543831150243250e+00,2.078394340853835676e+00
-4.885299826371041654e+00,1.932364114911995667e+00
-2.365004619838344091e+00,1.859998343430373735e+00
-5.569856436889569551e+00,1.874727469801892976e+00
-2.699432028796800775e+00,1.908698125534336043e+00
-3.843459104664637138e-01,2.235229108780722562e+00
-5.010323864620321643e+00,1.615963719226575668e+00
-5.796777539163096016e-01,2.122985828569413425e+00
-6.028790111103394800e+00,1.849596549169712167e+00
-3.283810666510658560e+00,2.263766311785330831e+00
-1.818039573819196786e+00,1.645837991589597982e+00
-1.976321333836670746e+00,2.273570631686277821e+00
1.330043982193090280e+00,1.510154129222571084e+00
-2.097065041577980349e+00,1.765058190508401292e+00
-3.822469630683453801e+00,1.828402895299613640e+00
5.206822256903773649e-01,1.321921804259230449e+00
-3.417021945288630125e+00,1.610753289778124930e+00
-4.129413833825627655e+00,1.895585953590218420e+00
-2.046045146514398283e+00,2.218232033062016662e+00
-3.577566531498002078e+00,2.017330955198410880e+00
-1.314435628603260575e+00,1.486248037779084097e+00
-4.830794293029223141e+00,2.155483789709962572e+00
-1.097922876404171966e+00,2.255471325558363827e+00
-3.790401231955714323e+00,1.798604095523084423e+00
-2.684002621963597512e+00,2.216693704516724317e+00
-1.072222009352611805e+00,2.130746848938129823e+00
-2.182110671998713336e+00,2.604565127495976906e+00
-3.318830869776763226e+00,1.836367816847181089e+00
-1.295981239698217768e+00,1.598802994770997410e+00
-2.403568703515302829e+00,2.578260044101644777e+00
-1.519199520011996318e+00,1.612015631571077190e+00
-1.807817936880888654e+00,1.974050354028112686e+00
-4.168676985430479043e+00,2.515183357039143086e+00
-6.764136886330194720e+00,1.927645950366688066e+00
-3.836597048267531562e+00,2.026341843797855979e+00
-1.842070124987958968e+00,1.648458780651067990e+00
-5.954649995012672115e+00,2.345594042181162298e+00
-4.846615240763687993e+00,1.981861340403720639e+00
-3.064489627256793636e+00,1.473778834333068222e+00
4.702223897630357641e-01,2.201864390504635782e+00
-6.114585985718536065e+00,1.982798622013810075e+00
-2.197351460813718127e+00,2.285720205253184645e+00
-3.941766889030438037e+00,2.248276630607112914e+00
-1.756759016221202341e+00,2.040692271178897510e+00
-5.013797227378180565e+00,1.225542904260441990e+00
-2.050686472968229701e+00,1.228793515868302766e+00
-4.078900169042274371e+00,2.193682097337945613e+00
-4.861507056138503202e-01,2.239963437414937086e+00
-3.713983513028528805e+00,1.431458162839520210e+00
-2.093053534606004185e+00,2.121330997659776951e+00
-5.240763824792707304e+00,2.069867075810866819e+00
-1.340996076594793918e+00,2.479151583568437456e+00
-3.574832609350071522e+00,2.432581735204327966e+00
-2.781165254560808098e+00,2.536432084648116980e+00
-2.070470057570214628e+00,1.919837434578934854e+00
-5.306094032957020978e+00,1.825473609184242729e+00
-1.536706314170138921e+00,2.185089472646811082e+00
-4.752203100887389731e+00,1.923763766525284247e+00
-4.063920661297738768e+00,1.708765084909585008e+00
-2.319682040638504361e+00,2.147808562792907772e+00
-1.212669120401540290e+00,1.830587970638132944e+00
-3.415979739356004963e+00,1.735231265657947608e+00
-3.247030017379627154e+00,2.130791791113254341e+00
-3.706146013687508400e+00,1.758001708224274040e+00
1.835490573040527984e-01,1.723212410393236471e+00
-2.619258815361483528e+00,1.668947419375224728e+00
-4.091342539083748342e+00,1.663531247738653018e+00
-3.723033889278357211e+00,2.039917258868038985e+00
-2.345014486010349231e+00,1.948479099875302545e+00
-2.256997696560464117e+00,2.336833060216107150e+00
-1.569476383703017675e+00,2.187307058303198382e+00
-2.874788195414786252e+00,1.818371501448182270e+00
-4.762617108133924582e+00,1.902390718181010243e+00
-8.993769382606426888e-01,1.981709410503617930e+00
-2.678922543954410429e+00,1.885346789939343459e+00
-4.722950732589111134e+00,2.158645989367535378e+00
-1.302215295816777640e+00,1.971381661648247796e+00
-1.880644139103252233e+00,1.416349356457380804e+00
-3.356062415144718258e+00,1.773121774084930102e+00
-7.011472848407092506e+00,2.537075768727114600e+00
-9.627920932323879022e-01,1.524802930872725337e+00
-3.700351104951372871e+00,2.012549474890405588e+00
-3.553075398954629094e+00,2.269767871606572562e+00
-1.935777040425033624e+00,1.543565095828331124e+00
-4.918197257870668970e-01,2.448409187658493469e+00
-3.469089515297967274e+00,2.108845636544420366e+00
1.183253236985892798e-01,2.054939924540127194e+00
-6.697160515920890234e+00,2.079779161799889753e+00
-3.760318927597013250e+00,1.255619952857394139e+00
-2.558253221547819312e+00,1.501256274539295221e+00
-5.896877758972417283e+00,1.901129860303331975e+00
-2.099608861176808006e+00,1.346456196870275512e+00
-5.881132478549211839e+00,1.308633952712044080e+00
-5.844077783965946793e+00,2.208518266875620917e+00
-7.090389226341900830e+00,1.901867778211908666e+00
-4.797807348420691120e+00,2.058511907829615240e+00
-3.101359870754925918e+00,2.443947685194649111e+00
-5.802416059471077858e+00,1.976805351858230475e+00
-5.764317420550066018e+00,1.694304754431992910e+00
-5.985626121124735022e+00,1.571219983120820007e+00
-1.347376500850726133e+00,2.112600320607133320e+00
-3.894175023093398025e-01,2.041168044743757015e+00
-4.369234337187720918e+00,1.921074379192006187e+00
1.565085911938109753e+00,1.798796095018873498e+00
-4.129672445649623214e+00,2.032187675751421452e+00
-4.171136285961787316e+00,2.705617978526750900e+00
-3.860381670913274554e+00,2.001211162900347063e+00
-4.789411092139410187e+00,1.097592709349157314e+00
-3.700906919541592011e+00,2.141284886164775081e+00
-3.003912569047204606e-01,2.117773886302372954e+00
-3.132076965900393972e+00,2.106671991881226891e+00
-6.593346030834028149e+00,1.644819690108517474e+00
-4.051620465608021249e+00,2.153205459121839471e+00
-4.593130472129580255e+00,1.908893193223609064e+00
-8.249219802032694560e-01,1.884408128844169639e+00
-6.677048087713043145e+00,1.953640173448475847e+00
-3.112635421448682660e+00,1.394284524943368186e+00
-4.540724571432307677e+00,1.536839324904331283e+00
-2.771827423100912569e+00,2.241972905762658286e+00
-3.760545086636740031e+00,2.055032329664295609e+00
-2.769978862804424402e+00,2.118024599717939438e+00
-4.904110978232511187e+00,1.984176469488387440e+00
-3.250657665664174800e+00,2.109099871696413775e+00
-1.693197975531880228e+00,2.295488474029260040e+00
-2.871160669154151357e+00,2.174792285371389244e+00
-1.449528109419860433e+00,2.034053123846264022e+00
-8.601938185946713666e-01,2.097308646570565926e+00
-3.250406156878925756e+00,1.953285633197821225e+00
-1.672741390537000994e+00,2.270270780473498728e+00
-5.265218872700372366e-01,1.835141719243202463e+00
-9.768412141512539115e-01,1.635887478688862418e+00
-2.900739519057223603e+00,2.139162614495645265e+00
-2.559132086857531796e+00,2.148287587813585198e+00
-5.438040675953669023e+00,1.959266883737960097e+00
-3.361770803591173973e+00,1.790890814611626247e+00
-1.730617061877990581e+00,2.318625426948922819e+00
-4.607244772199663885e+00,1.955614818132145993e+00
-2.460215029482443860e+00,1.680679973721297182e+00
-5.629089397407778250e+00,2.085713210188099520e+00
-3.802940294543124100e+00,2.210965013190262063e+00
-2.131502523249785064e+00,2.347802864855905280e+00
-1.321768236614344616e-01,1.850868702751799377e+00
-2.828436521088214306e+00,1.723476660249948278e+00
-2.588409758176944742e+00,2.016574788901610571e+00
-2.994607501281864259e+00,1.968827934215506614e+00
-2.934568730726824892e+00,2.127375274161769525e+00
-1.457291427425822405e+00,2.032866722138682913e+00
-5.740023769148641541e+00,2.149775673265610365e+00
-6.908262665526899049e+00,2.492445734881755470e+00
-1.216788309427908610e+00,2.110923547263693578e+00
-1.693752314054957075e+00,2.316901821727841426e+00
-1.358159788298826776e+00,1.703675639207195003e+00
-4.296058819752040847e+00,1.863592028550558499e+00
1.132274727971790185e+00,1.799191668355194285e+00
-4.030925690950740048e+00,2.179076035985401116e+00
-1.630921224458234731e+00,2.450256194535670673e+00
-2.677008065864257436e+00,1.974224517857637640e+00
-1.531020787568456498e+00,1.637800112571568434e+00
-4.569597418288497970e+00,1.763558931469957569e+00
-2.818245634686852963e+00,2.394551599441513190e+00
-1.978734021237616769e+00,1.827481444507884412e+00
-2.059089585849135595e+00,2.124213344012412907e+00
-2.370708158872564475e+00,1.808965480883487187e+00
-1.486419464289479020e+00,1.880875455325997203e+00
-1.642345614697131140e+00,2.531337339582370394e+00
-4.368956008013535453e+00,2.057087709017767718e+00
-1.055133689845562772e+00,1.711238596927652011e+00
-3.195904712444698870e+00,1.523571134689017725e+00
-1.396640677601183045e+00,1.770659036382095541e+00
-2.265167444806626129e+00,2.302439588679987104e+00
-5.785029992288460043e+00,1.626387389835333153e+00
-4.222661851531500865e+00,2.236084993272529076e+00
-5.617802897300748555e+00,2.199201113740828273e+00
-4.627290924951873663e+00,1.758287247855113700e+00
-4.548877047033606402e+00,1.509534133045195681e+00
-2.896238921060808824e+00,1.928202603445249519e+00
-4.306862017534045961e+00,2.387253456424863085e+00
-1.189070390898382179e+00,2.195175283915991038e+00
-9.423555865167179135e-01,2.836179104386654437e+00
-1.858855631772067030e+00,2.096538882306038687e+00
-9.074189633762967944e-01,2.677969637787310120e+00
-3.600048738098615697e+00,2.046519970209651706e+00
-4.009916003609862223e+00,2.029376239151043038e+00
-3.612676840172941439e+00,2.223883278442928102e+00
-6.207793757474656005e+00,2.386310150954084719e+00
-4.693442327834874916e+00,1.918922746780892918e+00
-1.713202560890872750e+00,2.393447720944218648e+00
-5.572971003490930109e+00,1.903031521159868511e+00
-2.011414236607829586e+00,2.542038668301386917e+00
-7.105057335294611143e-01,1.560408577243570960e+00
-2.624491042310169941e+00,1.774644051801969047e+00
-4.095102476738116337e+00,1.714281286607692634e+00
-4.248080411277004309e-01,1.360836399652810780e+00
8.732139874703692684e-02,1.824904438677465990e+00
-5.402853369073298495e+00,2.120437435231573797e+00
-1.262061051008109835e+00,2.111625175435254409e+00
-1.175462853519827933e+00,1.833107433257180396e+00
-3.829225352277900285e+00,2.471861638952700613e+00
-3.572401958719550130e+00,2.249066314257569310e+00
-1.658417966581873682e+00,2.065209069725844504e+00
-2.502614292459384160e-01,1.788896489797066724e+00
-2.563447806758924585e+00,1.927189922370627917e+00
-1.790566054427764398e+00,1.750701498589754879e+00
1.611638573907576699e-01,1.996435713964327174e+00
-2.707763092901553037e+00,2.113851953862656785e+00
-4.526463366867518268e+00,1.665249308308955678e+00
-6.419109268779026323e-01,2.201633323654620167e+00
-3.540921991842969518e+00,2.008038030890403114e+00
-2.990469804375630147e+00,2.029820626097402769e+00
-3.400327102644303157e+00,1.965545113848829795e+00
-1.888388122285717063e+00,1.388493144743591534e+00
-2.217177557287199896e+00,1.363531834686197985e+00
-1.904249386271135380e+00,2.432767244365194870e+00
-4.947785431933660050e+00,2.203160559393076312e+00
-5.624488081079512369e+00,2.326827492763608340e+00
-3.768209565055598897e+00,1.887004843761759254e+00
-2.077297674605475208e+00,2.106052886125145296e+00
-4.870754243002692441e+00,1.720880831420477541e+00
-3.619411985239668006e+00,2.167101008633529613e+00
-6.976001095231425531e-01,2.201370462569295583e+00
-3.520125054419371402e+00,1.829582864273647580e+00
-2.353043626253392695e+00,1.902731648311382084e+00
-3.264786285873326310e+00,1.884106428127256594e+00
-2.038122025245994173e+00,1.877532954123442011e+00
-3.536627923068102142e+00,1.807020814341578463e+00
-4.753068725975805542e+00,2.065331325243167537e+00
2.740060874598002627e-01,2.141235601264471988e+00
-4.328048603487157919e+00,2.150439587517627427e+00
-3.827679768670629645e+00,2.157492418803596657e+00
-2.675600022835555425e+00,1.424820018938349087e+00
-2.158127799476249109e+00,2.483471576927215985e+00
-5.395268395418423069e+00,2.411001156676068735e+00
-5.193367677647872327e+00,2.330428892704052402e+00
-5.429164682578088374e+00,1.882728793950074975e+00
-2.843755657306660911e+00,2.066615463062055014e+00
-4.197400596614086155e+00,1.896847143816756676e+00
-1.513398016231287890e+00,1.630784765018998161e+00
-4.221385171168310357e+00,2.577362637569283521e+00
-4.816853966461708936e+00,2.258587635975464192e+00
-4.133818048623516539e+00,1.825682788743921092e+00
-1.974090787320001095e+00,2.062494069588929335e+00
-2.590444926517299962e+00,2.407986015578453820e+00
4.066366351768069265e-02,2.128352090579196609e+00
-5.962063944188927600e+00,1.872043466327701466e+00
-4.853106505027825257e+00,1.451495435243656873e+00
-4.981192211044112028e+00,2.159933768746307603e+00
-3.982661467618795470e-01,1.924384525727446782e+00
-3.059596827390658191e+00,2.214223480394188481e+00
-3.346480136480772138e+00,2.345306271111113894e+00
-2.641574029872161944e+00,1.899748845995899993e+00
-4.643801829231248846e+00,2.053018197730329231e+00
-4.521919717291448038e+00,1.829416322549801244e+00
-3.644713678980274096e+00,1.029125251095326821e+00
-2.240360483569808103e+00,1.383326329900055107e+00
-2.910242099158178775e+00,2.406733691105027440e+00
-4.780486281778201452e+00,2.270989768552242438e+00
-6.488912170216591946e+00,1.972668425053952346e+00
4.470821008103271765e-01,1.703115965141813959e+00
-1.077066124688801141e+00,2.311607712036909401e+00
-5.168988691732798735e+00,2.359131259151053595e+00
-2.108336282894875513e+00,1.353986389481795838e+00
-4.499746015147817246e+00,1.894016953318813368e+00
-5.748324737412125351e+00,1.859643037919313624e+00
-3.850382422335700383e+00,1.923489795267324221e+00
-9.482960021888096058e-01,1.824190812422720409e+00
-2.530694819400683748e+00,2.138873868466866668e+00
-4.815819742631283873e+00,2.298642727113423323e+00
-2.544213594907381637e+00,1.671711759720574175e+00
-4.837479129509219433e+00,1.582498179858208731e+00
-4.286457792625877339e-01,1.761974404151198659e+00
-6.163749977821511905e+00,2.005096605910594576e+00
-4.481124395893584911e+00,2.168371533370506032e+00
-3.438199770783761711e+00,1.858933196732084125e+00
-6.495720686068580996e+00,2.116383462196833598e+00
-3.783682456907333957e+00,2.157756111035423530e+00
-2.409297339272529648e+00,2.060949810399396842e+00
-3.701594100705733581e+00,2.332436836679750325e+00
-9.398677704141782385e-01,2.361048294087428001e+00
-4.033916850483906025e+00,1.946740860031167752e+00
5.068580247493219559e-01,2.518986266267375651e+00
-4.059624133398147094e+00,1.861134050559191122e+00
